relation	kind	ordinal	column	type	upstream table	derivation	sample values	description	null meaning
course_catalog_20251215	table	1	ISBN13	bigint	BMG DiscoveryExtract.20251215.csv	BMG Discovery Extract field `ISBN13`; direct CSV import; configured null tokens become NULL.	9780000000002	Book or material identifier used for cross-source matching.	External field absent, blank, a configured null token, or failed TRY_CAST where applicable.
course_catalog_20251215	table	2	Title	varchar	BMG DiscoveryExtract.20251215.csv	BMG Discovery Extract field `Title`; direct CSV import; configured null tokens become NULL.	Introduction to Biology	Title supplied for the adopted course material.	External field absent, blank, a configured null token, or failed TRY_CAST where applicable.
course_catalog_20251215	table	3	Author	varchar	BMG DiscoveryExtract.20251215.csv	BMG Discovery Extract field `Author`; direct CSV import; configured null tokens become NULL.	A. Example	Author credited for the adopted course material.	External field absent, blank, a configured null token, or failed TRY_CAST where applicable.
course_catalog_20251215	table	4	Publisher	varchar	BMG DiscoveryExtract.20251215.csv	BMG Discovery Extract field `Publisher`; direct CSV import; configured null tokens become NULL.	Example Press	Publisher credited for the adopted course material.	External field absent, blank, a configured null token, or failed TRY_CAST where applicable.
course_catalog_20251215	table	5	Imprint	varchar	BMG DiscoveryExtract.20251215.csv	BMG Discovery Extract field `Imprint`; direct CSV import; configured null tokens become NULL.	Example Academic	Publishing imprint named for the adopted material.	External field absent, blank, a configured null token, or failed TRY_CAST where applicable.
course_catalog_20251215	table	6	Format	varchar	BMG DiscoveryExtract.20251215.csv	BMG Discovery Extract field `Format`; direct CSV import; configured null tokens become NULL.	digital	Material format supplied by the catalog source.	External field absent, blank, a configured null token, or failed TRY_CAST where applicable.
course_catalog_20251215	table	7	FormatType	varchar	BMG DiscoveryExtract.20251215.csv	BMG Discovery Extract field `FormatType`; direct CSV import; configured null tokens become NULL.	Book	Catalog classification label for the material format.	External field absent, blank, a configured null token, or failed TRY_CAST where applicable.
course_catalog_20251215	table	8	book_status	varchar	BMG DiscoveryExtract.20251215.csv	BMG Discovery Extract field `Book Status`; lowercase + trim.	required	Adoption priority assigned to the course material.	External field absent, blank, a configured null token, or failed TRY_CAST where applicable.
course_catalog_20251215	table	9	unit_id	bigint	BMG DiscoveryExtract.20251215.csv	BMG Discovery Extract field `IPED ID`; direct CSV import; configured null tokens become NULL.	1001	IPEDS institution identifier used throughout the pipeline.	External field absent, blank, a configured null token, or failed TRY_CAST where applicable.
course_catalog_20251215	table	10	school	varchar	BMG DiscoveryExtract.20251215.csv	BMG Discovery Extract field `School`; direct CSV import; configured null tokens become NULL.	Example University	Institution or school name attached to the course.	External field absent, blank, a configured null token, or failed TRY_CAST where applicable.
course_catalog_20251215	table	11	state	varchar	BMG DiscoveryExtract.20251215.csv	BMG Discovery Extract field `State`; direct CSV import; configured null tokens become NULL.	CA	State or province code for the institution.	External field absent, blank, a configured null token, or failed TRY_CAST where applicable.
course_catalog_20251215	table	12	dept_code	varchar	BMG DiscoveryExtract.20251215.csv	BMG Discovery Extract field `Dept Code`; direct CSV import; configured null tokens become NULL.	BIO	Short code identifying the academic department.	External field absent, blank, a configured null token, or failed TRY_CAST where applicable.
course_catalog_20251215	table	13	department	varchar	BMG DiscoveryExtract.20251215.csv	BMG Discovery Extract field `Department`; direct CSV import; configured null tokens become NULL.	Biology	Academic department responsible for the course.	External field absent, blank, a configured null token, or failed TRY_CAST where applicable.
course_catalog_20251215	table	14	dept_description	varchar	BMG DiscoveryExtract.20251215.csv	BMG Discovery Extract field `Dept Description`; direct CSV import; configured null tokens become NULL.	Biology	Expanded description of the academic department.	External field absent, blank, a configured null token, or failed TRY_CAST where applicable.
course_catalog_20251215	table	15	course_number	varchar	BMG DiscoveryExtract.20251215.csv	BMG Discovery Extract field `Course Number`; direct CSV import; configured null tokens become NULL.	101	Catalog number identifying the course within its department.	External field absent, blank, a configured null token, or failed TRY_CAST where applicable.
course_catalog_20251215	table	16	section	varchar	BMG DiscoveryExtract.20251215.csv	BMG Discovery Extract field `Section`; direct CSV import; configured null tokens become NULL.	001	Source code distinguishing sections of the same course.	External field absent, blank, a configured null token, or failed TRY_CAST where applicable.
course_catalog_20251215	table	17	course_title	varchar	BMG DiscoveryExtract.20251215.csv	BMG Discovery Extract field `Course Title`; direct CSV import; configured null tokens become NULL.	Introduction to Biology	Official title assigned to the course.	External field absent, blank, a configured null token, or failed TRY_CAST where applicable.
course_catalog_20251215	table	18	course_level	varchar	BMG DiscoveryExtract.20251215.csv	BMG Discovery Extract field `Course Level`; direct CSV import; configured null tokens become NULL.	Introductory or general undergraduate	Instructional level assigned to the course.	External field absent, blank, a configured null token, or failed TRY_CAST where applicable.
course_catalog_20251215	table	19	course_subject	varchar	BMG DiscoveryExtract.20251215.csv	BMG Discovery Extract field `Course Subject`; direct CSV import; configured null tokens become NULL.	BIO	Subject area assigned to the course.	External field absent, blank, a configured null token, or failed TRY_CAST where applicable.
course_catalog_20251215	table	20	period	varchar	BMG DiscoveryExtract.20251215.csv	BMG Discovery Extract field `Period`; direct CSV import; configured null tokens become NULL.	Fall 2025	Human-readable academic term label from the source.	External field absent, blank, a configured null token, or failed TRY_CAST where applicable.
course_catalog_20251215	table	21	enrollments	integer	BMG DiscoveryExtract.20251215.csv	BMG Discovery Extract field `Enrollments`; TRY_CAST to INTEGER.	42	Enrollment reported directly for the course section.	External field absent, blank, a configured null token, or failed TRY_CAST where applicable.
course_catalog_20251215	table	22	seats_taken	integer	BMG DiscoveryExtract.20251215.csv	BMG Discovery Extract field `Seats Taken`; TRY_CAST to INTEGER.	42	Occupied seats reported for the course section.	External field absent, blank, a configured null token, or failed TRY_CAST where applicable.
course_catalog_20251215	table	23	instructor	varchar	BMG DiscoveryExtract.20251215.csv	BMG Discovery Extract field `Instructor`; direct CSV import; configured null tokens become NULL.	A. Example	Instructor name attached to the course section.	External field absent, blank, a configured null token, or failed TRY_CAST where applicable.
course_catalog_20251215	table	24	first_name	varchar	BMG DiscoveryExtract.20251215.csv	BMG Discovery Extract field `FirstName`; direct CSV import; configured null tokens become NULL.	A. Example	Given name of the course instructor.	External field absent, blank, a configured null token, or failed TRY_CAST where applicable.
course_catalog_20251215	table	25	last_name	varchar	BMG DiscoveryExtract.20251215.csv	BMG Discovery Extract field `LastName`; direct CSV import; configured null tokens become NULL.	A. Example	Family name of the course instructor.	External field absent, blank, a configured null token, or failed TRY_CAST where applicable.
course_catalog_20251215	table	26	email	varchar	BMG DiscoveryExtract.20251215.csv	BMG Discovery Extract field `E-Mail`; extract/clean first address, remove embedded spaces, lowercase + trim.	instructor@example.edu	Normalized instructor email used for contact and matching.	External field absent, blank, a configured null token, or failed TRY_CAST where applicable.
course_catalog_20251215	table	27	course_id	varchar	BMG DiscoveryExtract.20251215.csv	Concatenate normalized `IPED ID`, `Dept Code`, and `Course Number` with `::`; missing segments become `UNKNOWN`.	1001::BIO::101	Stable identifier for the institution-level course offering.	Not produced; missing composite segments are encoded as `UNKNOWN`.
course_catalog_20251215	table	28	section_id	varchar	BMG DiscoveryExtract.20251215.csv	Concatenate `course_id`, normalized `Section`, and derived term with `::`; missing segments become `UNKNOWN`.	1001::BIO::101::001::2025-4	Period-specific identifier for the distinct section offering.	Not produced; missing composite segments are encoded as `UNKNOWN`.
course_catalog_20251215	table	29	period_sortable	varchar	BMG DiscoveryExtract.20251215.csv	Map `Period` season/year to `YYYY-N` (Winter=1 through Fall=4).	2025-4	Sortable academic term code used for chronological ordering.	Unrecognized or missing academic-period text.
course_catalog_20251215	table	30	period_date	date	BMG DiscoveryExtract.20251215.csv	Map `Period` to the canonical first day for its season.	2025-10-01	Canonical starting date assigned to the academic term.	Unrecognized or missing academic-period text.
ipeds_data	table	1	unitid	integer	IPEDS IPEDS_2024.csv	IPEDS field `UNITID`; TRY_CAST to INTEGER; configured null tokens normalized.	1001	IPEDS institution identifier from the institutional source.	IPEDS field unavailable, configured as missing, or failed TRY_CAST.
ipeds_data	table	2	instnm	varchar	IPEDS IPEDS_2024.csv	IPEDS field `INSTNM`; configured null tokens normalized.	Example University	Official institution name reported by IPEDS.	IPEDS field unavailable, configured as missing, or failed TRY_CAST.
ipeds_data	table	3	sector	varchar	IPEDS IPEDS_2024.csv	IPEDS field `SECTOR`; configured null tokens normalized.	unknown	IPEDS sector classification for the institution.	IPEDS field unavailable, configured as missing, or failed TRY_CAST.
ipeds_data	table	4	iclevel	varchar	IPEDS IPEDS_2024.csv	IPEDS field `ICLEVEL`; configured null tokens normalized.	Four or more years	IPEDS award-level classification for the institution.	IPEDS field unavailable, configured as missing, or failed TRY_CAST.
ipeds_data	table	5	control	varchar	IPEDS IPEDS_2024.csv	IPEDS field `CONTROL`; configured null tokens normalized.	unknown	Institution ownership and governance classification used for reporting.	IPEDS field unavailable, configured as missing, or failed TRY_CAST.
ipeds_data	table	6	instsize	varchar	IPEDS IPEDS_2024.csv	IPEDS field `INSTSIZE`; configured null tokens normalized.	1	IPEDS institutional enrollment-size classification used for reporting.	IPEDS field unavailable, configured as missing, or failed TRY_CAST.
ipeds_data	table	7	enroll_24	integer	IPEDS IPEDS_2024.csv	IPEDS field `Enroll_24`; TRY_CAST to INTEGER; configured null tokens normalized.	42	Total institutional enrollment reported to IPEDS for 2024.	IPEDS field unavailable, configured as missing, or failed TRY_CAST.
ipeds_data	table	8	dist_enroll_24	integer	IPEDS IPEDS_2024.csv	IPEDS field `DistEnroll_24`; TRY_CAST to INTEGER; configured null tokens normalized.	42	IPEDS 2024 students enrolled in distance education.	IPEDS field unavailable, configured as missing, or failed TRY_CAST.
ipeds_data	table	9	inst_type	varchar	IPEDS IPEDS_2024.csv	IPEDS field `InstType`; configured null tokens normalized.	College	Derived institution type classification used for reporting.	IPEDS field unavailable, configured as missing, or failed TRY_CAST.
opt_out	table	1	email	varchar	BVA OptOut_20251215.csv	BVA opt-out field `Email`; lowercase + trim.	instructor@example.edu	Normalized email address listed for mailing opt-out.	External field absent or normalized from a configured null token.
opt_out	table	2	source	varchar	BVA OptOut_20251215.csv	BVA opt-out field `Source`; direct import.	survey	BVA source label explaining the opt-out entry.	External field absent or normalized from a configured null token.
panel_email	table	1	email	varchar	BVA panel_20260108.csv	Normalized BVA panel CSV field `Unique` group key.	instructor@example.edu	Normalized contact email used for panel-history matching.	Not expected; NULL emails group together if present in source.
panel_email	table	2	panel_response_year	varchar	BVA panel_20260108.csv	`MAX` of normalized BVA panel CSV field `Year`.	OER_2025	Latest recorded panel response campaign label.	No nonmissing response year for the email.
panel_email	table	3	panel_source_row_count	bigint	BVA panel_20260108.csv	`COUNT(*)` of normalized BVA panel CSV rows.	42	Panel-history rows collapsed into the contact lookup.	Never NULL; at least one.
panel_email	table	4	panel_response_year_variant_count	bigint	BVA panel_20260108.csv	`COUNT(DISTINCT Year)` of normalized BVA panel CSV rows.	42	Distinct campaign labels found among grouped panel-history rows.	Never NULL; zero means all years missing.
format_type_classification	table	1	FormatType	varchar	format_type_lookup.tsv	Lookup TSV field `format_type`; direct tab-delimited import.	Book	Catalog classification label for the material format.	Lookup cell missing.
format_type_classification	table	2	is_oer	boolean	format_type_lookup.tsv	Lookup TSV field `is_oer`; direct tab-delimited import cast to BOOLEAN.	TRUE	Whether the material is an open educational resource.	Lookup cell missing.
format_type_classification	table	3	oer_category	varchar	format_type_lookup.tsv	Lookup TSV field `oer_category`; direct tab-delimited import.	unknown	Open-resource category assigned to the material format.	Lookup cell missing.
format_type_classification	table	4	is_ia	boolean	format_type_lookup.tsv	Lookup TSV field `is_ia`; direct tab-delimited import cast to BOOLEAN.	TRUE	Whether the material uses inclusive access.	Lookup cell missing.
format_type_classification	table	5	ia_category	varchar	format_type_lookup.tsv	Lookup TSV field `ia_category`; direct tab-delimited import.	unknown	Inclusive-access category assigned to the material format.	Lookup cell missing.
pricing_historical	table	1	unit_id	integer	BMG BookPricing.Historical_20260224.csv	BMG Book Pricing field `IPEDSID`; trim and TRY_CAST to the declared type; latest logical-key snapshot retained after duplicate/instructor collapse.	1001	IPEDS institution identifier used throughout the pipeline.	External field absent, a configured null token, or failed TRY_CAST.
pricing_historical	table	2	institute	varchar	BMG BookPricing.Historical_20260224.csv	BMG Book Pricing field `Institute`; trim; latest logical-key snapshot retained after duplicate/instructor collapse.	Example University	Institution name supplied by the pricing source.	External field absent, a configured null token, or failed TRY_CAST.
pricing_historical	table	3	bookstore_url	varchar	BMG BookPricing.Historical_20260224.csv	BMG Book Pricing field `Address`; trim; latest logical-key snapshot retained after duplicate/instructor collapse.	https://bookstore.example.edu/item/123	Bookstore page providing the observed material prices.	External field absent, a configured null token, or failed TRY_CAST.
pricing_historical	table	4	pricing_date	timestamp	BMG BookPricing.Historical_20260224.csv	BMG Book Pricing field `Book Pricing Date`; trim and TRY_CAST to the declared type; latest logical-key snapshot retained after duplicate/instructor collapse.	2025-10-01 12:00:00	Timestamp of the retained pricing source snapshot.	External field absent, a configured null token, or failed TRY_CAST.
pricing_historical	table	5	period	varchar	BMG BookPricing.Historical_20260224.csv	BMG Book Pricing field `Period`; trim; latest logical-key snapshot retained after duplicate/instructor collapse.	Fall 2025	Human-readable academic term label from the source.	External field absent, a configured null token, or failed TRY_CAST.
pricing_historical	table	6	dept_code	varchar	BMG BookPricing.Historical_20260224.csv	BMG Book Pricing field `Department Code`; trim; latest logical-key snapshot retained after duplicate/instructor collapse.	BIO	Short code identifying the academic department.	External field absent, a configured null token, or failed TRY_CAST.
pricing_historical	table	7	dept_name	varchar	BMG BookPricing.Historical_20260224.csv	BMG Book Pricing field `Department Name`; trim; latest logical-key snapshot retained after duplicate/instructor collapse.	Biology	Department name supplied by the pricing source.	External field absent, a configured null token, or failed TRY_CAST.
pricing_historical	table	8	course_code	varchar	BMG BookPricing.Historical_20260224.csv	BMG Book Pricing field `Course Code`; trim; latest logical-key snapshot retained after duplicate/instructor collapse.	101	Course code supplied by the pricing source.	External field absent, a configured null token, or failed TRY_CAST.
pricing_historical	table	9	section_code	varchar	BMG BookPricing.Historical_20260224.csv	BMG Book Pricing field `Section Code`; trim; latest logical-key snapshot retained after duplicate/instructor collapse.	001	Section code supplied by the pricing source.	External field absent, a configured null token, or failed TRY_CAST.
pricing_historical	table	10	crn	varchar	BMG BookPricing.Historical_20260224.csv	BMG Book Pricing field `CRN`; trim; latest logical-key snapshot retained after duplicate/instructor collapse.	12345	Registration number identifying the source course section.	External field absent, a configured null token, or failed TRY_CAST.
pricing_historical	table	11	instructor_name	varchar	BMG BookPricing.Historical_20260224.csv	"`STRING_AGG(DISTINCT TRIM(""Instructor Name""), ', ' ORDER BY TRIM(""Instructor Name""))` before latest-date row selection."	A. Example	Instructor names attached to the pricing observation.	No nonblank instructor name occurs in the collapsed source rows.
pricing_historical	table	12	isbn13	varchar	BMG BookPricing.Historical_20260224.csv	BMG Book Pricing field `ISBN13`; trim; latest logical-key snapshot retained after duplicate/instructor collapse.	9780000000002	Book or material identifier used for cross-source matching.	External field absent, a configured null token, or failed TRY_CAST.
pricing_historical	table	13	title	varchar	BMG BookPricing.Historical_20260224.csv	BMG Book Pricing field `Title`; trim; latest logical-key snapshot retained after duplicate/instructor collapse.	Introduction to Biology	Title supplied for the adopted course material.	External field absent, a configured null token, or failed TRY_CAST.
pricing_historical	table	14	author	varchar	BMG BookPricing.Historical_20260224.csv	BMG Book Pricing field `Author`; trim; latest logical-key snapshot retained after duplicate/instructor collapse.	A. Example	Author credited for the adopted course material.	External field absent, a configured null token, or failed TRY_CAST.
pricing_historical	table	15	publisher	varchar	BMG BookPricing.Historical_20260224.csv	BMG Book Pricing field `Publisher`; trim; latest logical-key snapshot retained after duplicate/instructor collapse.	Example Press	Publisher credited for the adopted course material.	External field absent, a configured null token, or failed TRY_CAST.
pricing_historical	table	16	edition	varchar	BMG BookPricing.Historical_20260224.csv	BMG Book Pricing field `Edition`; trim; latest logical-key snapshot retained after duplicate/instructor collapse.	3rd	Edition statement for the priced course material.	External field absent, a configured null token, or failed TRY_CAST.
pricing_historical	table	17	book_status	varchar	BMG BookPricing.Historical_20260224.csv	BMG Book Pricing field `Book Status`; lowercase + trim; latest logical-key snapshot retained after duplicate/instructor collapse.	required	Adoption priority assigned to the course material.	External field absent, a configured null token, or failed TRY_CAST.
pricing_historical	table	18	required	boolean	BMG BookPricing.Historical_20260224.csv	`LOWER(TRIM(Book Status)) = 'required'` during pricing import.	TRUE	Whether the pricing observation has required adoption status.	NULL when Book Status is missing; TRUE only for required, FALSE for non-NULL non-required status.
pricing_historical	table	19	book_option	varchar	BMG BookPricing.Historical_20260224.csv	BMG Book Pricing field `Book Option`; lowercase + trim; latest logical-key snapshot retained after duplicate/instructor collapse.	buy	Purchase or rental option for the pricing offer.	External field absent, a configured null token, or failed TRY_CAST.
pricing_historical	table	20	book_condition	varchar	BMG BookPricing.Historical_20260224.csv	BMG Book Pricing field `Book Condition`; lowercase + trim; latest logical-key snapshot retained after duplicate/instructor collapse.	new	Condition of the priced book offering.	External field absent, a configured null token, or failed TRY_CAST.
pricing_historical	table	21	book_format	varchar	BMG BookPricing.Historical_20260224.csv	BMG Book Pricing field `Book Format`; lowercase + trim; latest logical-key snapshot retained after duplicate/instructor collapse.	physical	Physical or digital format of the material.	External field absent, a configured null token, or failed TRY_CAST.
pricing_historical	table	22	price	decimal(10,2)	BMG BookPricing.Historical_20260224.csv	BMG Book Pricing field `Price`; trim and TRY_CAST to the declared type; latest logical-key snapshot retained after duplicate/instructor collapse.	12.34	Observed amount for the specific pricing offering.	External field absent, a configured null token, or failed TRY_CAST.
pricing_historical	table	23	rental_days	integer	BMG BookPricing.Historical_20260224.csv	BMG Book Pricing field `Rental Length`; trim and TRY_CAST to the declared type; latest logical-key snapshot retained after duplicate/instructor collapse.	42	Length of the offered rental term in days.	External field absent, a configured null token, or failed TRY_CAST.
pricing_historical	table	24	return_date	date	BMG BookPricing.Historical_20260224.csv	BMG Book Pricing field `Return Date`; trim and TRY_CAST to the declared type; latest logical-key snapshot retained after duplicate/instructor collapse.	2025-10-01	Required return date for the rental offering.	External field absent, a configured null token, or failed TRY_CAST.
pricing_historical	table	25	course_id	varchar	BMG BookPricing.Historical_20260224.csv	Composite of `IPEDSID`, `Department Code`, and `Course Code`; missing segments encoded `UNKNOWN`.	1001::BIO::101	Stable identifier for the institution-level course offering.	Not produced; missing composite segments are encoded as `UNKNOWN`.
pricing_historical	table	26	section_id	varchar	BMG BookPricing.Historical_20260224.csv	Composite of course components, `Section Code`, and derived sortable period; missing segments encoded `UNKNOWN`.	1001::BIO::101::001::2025-4	Period-specific identifier for the distinct section offering.	Not produced; missing composite segments are encoded as `UNKNOWN`.
pricing_historical	table	27	period_sortable	varchar	BMG BookPricing.Historical_20260224.csv	Season/year parsed from pricing field `Period` to `YYYY-N`.	2025-4	Sortable academic term code used for chronological ordering.	Unrecognized or missing pricing-period text.
pricing_historical	table	28	period_date	date	BMG BookPricing.Historical_20260224.csv	Season/year parsed from pricing field `Period` to canonical season date.	2025-10-01	Canonical starting date assigned to the academic term.	Unrecognized or missing pricing-period text.
supply_isbn_classification	table	1	isbn13	bigint	course_catalog_20251215, recent_period, supply title rules (supply_keywords.tsv)	Non-NULL catalog ISBN group key after qualifying title-pattern matches.	9780000000002	Book or material identifier used for cross-source matching.	Not produced.
supply_isbn_classification	table	2	title	varchar	course_catalog_20251215, recent_period, supply title rules (supply_keywords.tsv)	Deterministic representative catalog title for the ISBN.	Introduction to Biology	Title supplied for the adopted course material.	No representative nonmissing title.
supply_isbn_classification	table	3	n_rows	hugeint	course_catalog_20251215, recent_period, supply title rules (supply_keywords.tsv)	Count of recent-period catalog rows covered by qualifying title variants.	42	Catalog rows supporting the selected supply classification.	Not produced.
supply_isbn_classification	table	4	matched_pattern	varchar	course_catalog_20251215, recent_period, supply title rules (supply_keywords.tsv)	Highest-priority included lowercase keyword; longest then lexical tie-break.	lab kit	Supply keyword selected after priority and tie-breaking rules.	Not produced.
supply_isbn_classification	table	5	category	varchar	course_catalog_20251215, recent_period, supply title rules (supply_keywords.tsv)	Category attached to the selected supply keyword.	science_lab	Classification assigned to the matched supply pattern.	Not produced.
state_region	table	1	state	varchar	0b_state_region.sql static values	Maintained static `state` value in `0b_state_region.sql`.	CA	State or province code for the institution.	Not produced by the static lookup.
state_region	table	2	region	varchar	0b_state_region.sql static values	Maintained static `region` value in `0b_state_region.sql`.	West	Census region containing the state or province.	Not produced by the static lookup.
state_region	table	3	division	varchar	0b_state_region.sql static values	Maintained static `division` value in `0b_state_region.sql`.	Pacific	Census division containing the state or province.	Not produced by the static lookup.
pricing_wide	table	1	section_id	varchar	pricing_historical	`pricing_historical.section_id` group key.	1001::BIO::101::001::2025-4	Period-specific identifier for the distinct section offering.	Not produced for a retained group.
pricing_wide	table	2	isbn13	varchar	pricing_historical	`pricing_historical.isbn13` group key.	9780000000002	Book or material identifier used for cross-source matching.	May be NULL when pricing source rows have no ISBN.
pricing_wide	table	3	unit_id	bigint	pricing_historical	`MAX(pricing_historical.unit_id)` for source provenance/metadata.	1001	IPEDS institution identifier used throughout the pipeline.	No nonmissing value in the group.
pricing_wide	table	4	required	boolean	pricing_historical	`BOOL_OR(pricing_historical.required)`.	TRUE	Whether the pricing observation has required adoption status.	NULL when every retained row has required = NULL (for example, Book Status is missing); otherwise TRUE if any row is required and FALSE when all non-NULL values are false.
pricing_wide	table	5	institute	varchar	pricing_historical	`MAX(pricing_historical.institute)` for source provenance/metadata.	Example University	Institution name supplied by the pricing source.	No nonmissing value in the group.
pricing_wide	table	6	bookstore_url	varchar	pricing_historical	`MAX(pricing_historical.bookstore_url)` for source provenance/metadata.	https://bookstore.example.edu/item/123	Bookstore page providing the observed material prices.	No nonmissing value in the group.
pricing_wide	table	7	title	varchar	pricing_historical	`MAX(pricing_historical.title)` for source provenance/metadata.	Introduction to Biology	Title supplied for the adopted course material.	No nonmissing value in the group.
pricing_wide	table	8	author	varchar	pricing_historical	`MAX(pricing_historical.author)` for source provenance/metadata.	A. Example	Author credited for the adopted course material.	No nonmissing value in the group.
pricing_wide	table	9	publisher	varchar	pricing_historical	`MAX(pricing_historical.publisher)` for source provenance/metadata.	Example Press	Publisher credited for the adopted course material.	No nonmissing value in the group.
pricing_wide	table	10	edition	varchar	pricing_historical	`MAX(pricing_historical.edition)` for source provenance/metadata.	3rd	Edition statement for the priced course material.	No nonmissing value in the group.
pricing_wide	table	11	price_buy_new_physical	decimal(10,2)	pricing_historical	`MAX(CASE WHEN pricing_historical.book_option = 'buy' AND pricing_historical.book_condition = 'new' AND pricing_historical.book_format = 'physical' THEN CASE WHEN pricing_historical.price < 9999 THEN pricing_historical.price END END)`.	12.34	Price for new physical purchase offerings.	That option/condition/format has no price below the 9999 sentinel ceiling.
pricing_wide	table	12	price_buy_new_digital	decimal(10,2)	pricing_historical	`MAX(CASE WHEN pricing_historical.book_option = 'buy' AND pricing_historical.book_condition = 'new' AND pricing_historical.book_format = 'digital' THEN CASE WHEN pricing_historical.price < 9999 THEN pricing_historical.price END END)`.	12.34	Price for new digital purchase offerings.	That option/condition/format has no price below the 9999 sentinel ceiling.
pricing_wide	table	13	price_buy_new_na	decimal(10,2)	pricing_historical	`MAX(CASE WHEN pricing_historical.book_option = 'buy' AND pricing_historical.book_condition = 'new' AND pricing_historical.book_format IS NULL THEN CASE WHEN pricing_historical.price < 9999 THEN pricing_historical.price END END)`.	12.34	Price for new unspecified-format purchase offerings.	That option/condition/format has no price below the 9999 sentinel ceiling.
pricing_wide	table	14	price_buy_used_physical	decimal(10,2)	pricing_historical	`MAX(CASE WHEN pricing_historical.book_option = 'buy' AND pricing_historical.book_condition = 'used' AND pricing_historical.book_format = 'physical' THEN CASE WHEN pricing_historical.price < 9999 THEN pricing_historical.price END END)`.	12.34	Price for used physical purchase offerings.	That option/condition/format has no price below the 9999 sentinel ceiling.
pricing_wide	table	15	price_buy_used_digital	decimal(10,2)	pricing_historical	`MAX(CASE WHEN pricing_historical.book_option = 'buy' AND pricing_historical.book_condition = 'used' AND pricing_historical.book_format = 'digital' THEN CASE WHEN pricing_historical.price < 9999 THEN pricing_historical.price END END)`.	12.34	Price for used digital purchase offerings.	That option/condition/format has no price below the 9999 sentinel ceiling.
pricing_wide	table	16	price_buy_used_na	decimal(10,2)	pricing_historical	`MAX(CASE WHEN pricing_historical.book_option = 'buy' AND pricing_historical.book_condition = 'used' AND pricing_historical.book_format IS NULL THEN CASE WHEN pricing_historical.price < 9999 THEN pricing_historical.price END END)`.	12.34	Price for used unspecified-format purchase offerings.	That option/condition/format has no price below the 9999 sentinel ceiling.
pricing_wide	table	17	price_buy_na_physical	decimal(10,2)	pricing_historical	`MAX(CASE WHEN pricing_historical.book_option = 'buy' AND pricing_historical.book_condition IS NULL AND pricing_historical.book_format = 'physical' THEN CASE WHEN pricing_historical.price < 9999 THEN pricing_historical.price END END)`.	12.34	Price for unspecified-condition physical purchase offerings.	That option/condition/format has no price below the 9999 sentinel ceiling.
pricing_wide	table	18	price_buy_na_digital	decimal(10,2)	pricing_historical	`MAX(CASE WHEN pricing_historical.book_option = 'buy' AND pricing_historical.book_condition IS NULL AND pricing_historical.book_format = 'digital' THEN CASE WHEN pricing_historical.price < 9999 THEN pricing_historical.price END END)`.	12.34	Price for unspecified-condition digital purchase offerings.	That option/condition/format has no price below the 9999 sentinel ceiling.
pricing_wide	table	19	price_buy_na_na	decimal(10,2)	pricing_historical	`MAX(CASE WHEN pricing_historical.book_option = 'buy' AND pricing_historical.book_condition IS NULL AND pricing_historical.book_format IS NULL THEN CASE WHEN pricing_historical.price < 9999 THEN pricing_historical.price END END)`.	12.34	Price for unspecified-condition unspecified-format purchase offerings.	That option/condition/format has no price below the 9999 sentinel ceiling.
pricing_wide	table	20	price_rental_new_physical	decimal(10,2)	pricing_historical	`MAX(CASE WHEN pricing_historical.book_option = 'rental' AND pricing_historical.book_condition = 'new' AND pricing_historical.book_format = 'physical' THEN CASE WHEN pricing_historical.price < 9999 THEN pricing_historical.price END END)`.	12.34	Price for new physical rental offerings.	That option/condition/format has no price below the 9999 sentinel ceiling.
pricing_wide	table	21	price_rental_new_digital	decimal(10,2)	pricing_historical	`MAX(CASE WHEN pricing_historical.book_option = 'rental' AND pricing_historical.book_condition = 'new' AND pricing_historical.book_format = 'digital' THEN CASE WHEN pricing_historical.price < 9999 THEN pricing_historical.price END END)`.	12.34	Price for new digital rental offerings.	That option/condition/format has no price below the 9999 sentinel ceiling.
pricing_wide	table	22	price_rental_new_na	decimal(10,2)	pricing_historical	`MAX(CASE WHEN pricing_historical.book_option = 'rental' AND pricing_historical.book_condition = 'new' AND pricing_historical.book_format IS NULL THEN CASE WHEN pricing_historical.price < 9999 THEN pricing_historical.price END END)`.	12.34	Price for new unspecified-format rental offerings.	That option/condition/format has no price below the 9999 sentinel ceiling.
pricing_wide	table	23	price_rental_used_physical	decimal(10,2)	pricing_historical	`MAX(CASE WHEN pricing_historical.book_option = 'rental' AND pricing_historical.book_condition = 'used' AND pricing_historical.book_format = 'physical' THEN CASE WHEN pricing_historical.price < 9999 THEN pricing_historical.price END END)`.	12.34	Price for used physical rental offerings.	That option/condition/format has no price below the 9999 sentinel ceiling.
pricing_wide	table	24	price_rental_used_digital	decimal(10,2)	pricing_historical	`MAX(CASE WHEN pricing_historical.book_option = 'rental' AND pricing_historical.book_condition = 'used' AND pricing_historical.book_format = 'digital' THEN CASE WHEN pricing_historical.price < 9999 THEN pricing_historical.price END END)`.	12.34	Price for used digital rental offerings.	That option/condition/format has no price below the 9999 sentinel ceiling.
pricing_wide	table	25	price_rental_used_na	decimal(10,2)	pricing_historical	`MAX(CASE WHEN pricing_historical.book_option = 'rental' AND pricing_historical.book_condition = 'used' AND pricing_historical.book_format IS NULL THEN CASE WHEN pricing_historical.price < 9999 THEN pricing_historical.price END END)`.	12.34	Price for used unspecified-format rental offerings.	That option/condition/format has no price below the 9999 sentinel ceiling.
pricing_wide	table	26	price_rental_na_physical	decimal(10,2)	pricing_historical	`MAX(CASE WHEN pricing_historical.book_option = 'rental' AND pricing_historical.book_condition IS NULL AND pricing_historical.book_format = 'physical' THEN CASE WHEN pricing_historical.price < 9999 THEN pricing_historical.price END END)`.	12.34	Price for unspecified-condition physical rental offerings.	That option/condition/format has no price below the 9999 sentinel ceiling.
pricing_wide	table	27	price_rental_na_digital	decimal(10,2)	pricing_historical	`MAX(CASE WHEN pricing_historical.book_option = 'rental' AND pricing_historical.book_condition IS NULL AND pricing_historical.book_format = 'digital' THEN CASE WHEN pricing_historical.price < 9999 THEN pricing_historical.price END END)`.	12.34	Price for unspecified-condition digital rental offerings.	That option/condition/format has no price below the 9999 sentinel ceiling.
pricing_wide	table	28	price_rental_na_na	decimal(10,2)	pricing_historical	`MAX(CASE WHEN pricing_historical.book_option = 'rental' AND pricing_historical.book_condition IS NULL AND pricing_historical.book_format IS NULL THEN CASE WHEN pricing_historical.price < 9999 THEN pricing_historical.price END END)`.	12.34	Price for unspecified-condition unspecified-format rental offerings.	That option/condition/format has no price below the 9999 sentinel ceiling.
pricing_wide	table	29	format_count	bigint	pricing_historical	`COUNT(DISTINCT (pricing_historical.book_option, pricing_historical.book_condition, pricing_historical.book_format))` FILTERed to buy/rental listings; tuple NULLs remain distinct values.	42	Distinct option-condition-format combinations offered for the material.	Never NULL; zero means no buy/rental tuple.
pricing_wide	table	30	has_buy	boolean	pricing_historical	`BOOL_OR(pricing_historical.book_option='buy')`.	TRUE	Whether any purchase offer exists for the material.	NULL when every retained row has book_option = NULL; otherwise TRUE if any row is buy and FALSE when all non-NULL values are not buy.
pricing_wide	table	31	has_rent	boolean	pricing_historical	`BOOL_OR(pricing_historical.book_option='rental')`.	TRUE	Whether any rental offer exists for the material.	NULL when every retained row has book_option = NULL; otherwise TRUE if any row is rental and FALSE when all non-NULL values are not rental.
pricing_wide	table	32	price_min	decimal(10,2)	pricing_historical	`MIN(CASE WHEN pricing_historical.price < 9999 THEN pricing_historical.price END)`; zero is retained.	12.34	Lowest valid price across available material offerings.	No price below the 9999 sentinel ceiling in the group.
pricing_wide	table	33	price_max	decimal(10,2)	pricing_historical	`MAX(CASE WHEN pricing_historical.price < 9999 THEN pricing_historical.price END)`; zero is retained.	12.34	Highest valid price across available material offerings.	No price below the 9999 sentinel ceiling in the group.
pricing_wide	table	34	price_avg	double	pricing_historical	`(price_min + price_max) / 2.0`; never `AVG()`.	12.34	Legacy midpoint between minimum and maximum material prices.	Either price bound is missing.
pricing_wide	table	35	rental_days_min	integer	pricing_historical	`MIN(pricing_historical.rental_days) FILTER (WHERE pricing_historical.book_option='rental')`.	42	Shortest available rental term measured in days.	No rental listing has an explicit rental term.
pricing_wide	table	36	rental_days_max	integer	pricing_historical	`MAX(pricing_historical.rental_days) FILTER (WHERE pricing_historical.book_option='rental')`.	42	Longest available rental term measured in days.	No rental listing has an explicit rental term.
pricing_wide	table	37	price_buy_min	decimal(10,2)	pricing_historical	`MIN(CASE WHEN pricing_historical.price < 9999 THEN pricing_historical.price END) FILTER (WHERE pricing_historical.book_option='buy')`.	12.34	Lowest valid purchase price across available material offerings.	No buy price below the 9999 sentinel ceiling.
pricing_wide	table	38	price_buy_max	decimal(10,2)	pricing_historical	`MAX(CASE WHEN pricing_historical.price < 9999 THEN pricing_historical.price END) FILTER (WHERE pricing_historical.book_option='buy')`.	12.34	Highest valid purchase price across available material offerings.	No buy price below the 9999 sentinel ceiling.
comprehensive_data	table	1	ISBN13	bigint	course_catalog_20251215	`course_catalog_20251215.ISBN13` passthrough.	9780000000002	Book or material identifier used for cross-source matching.	External field absent, blank, a configured null token, or failed TRY_CAST where applicable.
comprehensive_data	table	2	Title	varchar	course_catalog_20251215	`course_catalog_20251215.Title` passthrough.	Introduction to Biology	Title supplied for the adopted course material.	External field absent, blank, a configured null token, or failed TRY_CAST where applicable.
comprehensive_data	table	3	Author	varchar	course_catalog_20251215	`course_catalog_20251215.Author` passthrough.	A. Example	Author credited for the adopted course material.	External field absent, blank, a configured null token, or failed TRY_CAST where applicable.
comprehensive_data	table	4	Publisher	varchar	course_catalog_20251215	`course_catalog_20251215.Publisher` passthrough.	Example Press	Publisher credited for the adopted course material.	External field absent, blank, a configured null token, or failed TRY_CAST where applicable.
comprehensive_data	table	5	Imprint	varchar	course_catalog_20251215	`course_catalog_20251215.Imprint` passthrough.	Example Academic	Publishing imprint named for the adopted material.	External field absent, blank, a configured null token, or failed TRY_CAST where applicable.
comprehensive_data	table	6	Format	varchar	course_catalog_20251215	`course_catalog_20251215.Format` passthrough.	digital	Material format supplied by the catalog source.	External field absent, blank, a configured null token, or failed TRY_CAST where applicable.
comprehensive_data	table	7	FormatType	varchar	course_catalog_20251215	`course_catalog_20251215.FormatType` passthrough.	Book	Catalog classification label for the material format.	External field absent, blank, a configured null token, or failed TRY_CAST where applicable.
comprehensive_data	table	8	book_status	varchar	course_catalog_20251215	`course_catalog_20251215.book_status` passthrough.	required	Adoption priority assigned to the course material.	External field absent, blank, a configured null token, or failed TRY_CAST where applicable.
comprehensive_data	table	9	unit_id	bigint	course_catalog_20251215	`course_catalog_20251215.unit_id` passthrough.	1001	IPEDS institution identifier used throughout the pipeline.	External field absent, blank, a configured null token, or failed TRY_CAST where applicable.
comprehensive_data	table	10	school	varchar	course_catalog_20251215	`course_catalog_20251215.school` passthrough.	Example University	Institution or school name attached to the course.	External field absent, blank, a configured null token, or failed TRY_CAST where applicable.
comprehensive_data	table	11	state	varchar	course_catalog_20251215	`course_catalog_20251215.state` passthrough.	CA	State or province code for the institution.	External field absent, blank, a configured null token, or failed TRY_CAST where applicable.
comprehensive_data	table	12	dept_code	varchar	course_catalog_20251215	`course_catalog_20251215.dept_code` passthrough.	BIO	Short code identifying the academic department.	External field absent, blank, a configured null token, or failed TRY_CAST where applicable.
comprehensive_data	table	13	department	varchar	course_catalog_20251215	`course_catalog_20251215.department` passthrough.	Biology	Academic department responsible for the course.	External field absent, blank, a configured null token, or failed TRY_CAST where applicable.
comprehensive_data	table	14	dept_description	varchar	course_catalog_20251215	`course_catalog_20251215.dept_description` passthrough.	Biology	Expanded description of the academic department.	External field absent, blank, a configured null token, or failed TRY_CAST where applicable.
comprehensive_data	table	15	course_number	varchar	course_catalog_20251215	`course_catalog_20251215.course_number` passthrough.	101	Catalog number identifying the course within its department.	External field absent, blank, a configured null token, or failed TRY_CAST where applicable.
comprehensive_data	table	16	section	varchar	course_catalog_20251215	`course_catalog_20251215.section` passthrough.	001	Source code distinguishing sections of the same course.	External field absent, blank, a configured null token, or failed TRY_CAST where applicable.
comprehensive_data	table	17	course_title	varchar	course_catalog_20251215	`course_catalog_20251215.course_title` passthrough.	Introduction to Biology	Official title assigned to the course.	External field absent, blank, a configured null token, or failed TRY_CAST where applicable.
comprehensive_data	table	18	course_level	varchar	course_catalog_20251215	`course_catalog_20251215.course_level` passthrough.	Introductory or general undergraduate	Instructional level assigned to the course.	External field absent, blank, a configured null token, or failed TRY_CAST where applicable.
comprehensive_data	table	19	course_subject	varchar	course_catalog_20251215	`course_catalog_20251215.course_subject` passthrough.	BIO	Subject area assigned to the course.	External field absent, blank, a configured null token, or failed TRY_CAST where applicable.
comprehensive_data	table	20	period	varchar	course_catalog_20251215	`course_catalog_20251215.period` passthrough.	Fall 2025	Human-readable academic term label from the source.	External field absent, blank, a configured null token, or failed TRY_CAST where applicable.
comprehensive_data	table	21	enrollments	integer	course_catalog_20251215	`course_catalog_20251215.enrollments` passthrough.	42	Enrollment reported directly for the course section.	External field absent, blank, a configured null token, or failed TRY_CAST where applicable.
comprehensive_data	table	22	seats_taken	integer	course_catalog_20251215	`course_catalog_20251215.seats_taken` passthrough.	42	Occupied seats reported for the course section.	External field absent, blank, a configured null token, or failed TRY_CAST where applicable.
comprehensive_data	table	23	instructor	varchar	course_catalog_20251215	`course_catalog_20251215.instructor` passthrough.	A. Example	Instructor name attached to the course section.	External field absent, blank, a configured null token, or failed TRY_CAST where applicable.
comprehensive_data	table	24	first_name	varchar	course_catalog_20251215	`course_catalog_20251215.first_name` passthrough.	A. Example	Given name of the course instructor.	External field absent, blank, a configured null token, or failed TRY_CAST where applicable.
comprehensive_data	table	25	last_name	varchar	course_catalog_20251215	`course_catalog_20251215.last_name` passthrough.	A. Example	Family name of the course instructor.	External field absent, blank, a configured null token, or failed TRY_CAST where applicable.
comprehensive_data	table	26	email	varchar	course_catalog_20251215	`course_catalog_20251215.email` passthrough.	instructor@example.edu	Normalized instructor email used for contact and matching.	External field absent, blank, a configured null token, or failed TRY_CAST where applicable.
comprehensive_data	table	27	course_id	varchar	course_catalog_20251215	`course_catalog_20251215.course_id` passthrough.	1001::BIO::101	Stable identifier for the institution-level course offering.	Not produced; missing composite segments are encoded as `UNKNOWN`.
comprehensive_data	table	28	section_id	varchar	course_catalog_20251215	`course_catalog_20251215.section_id` passthrough.	1001::BIO::101::001::2025-4	Period-specific identifier for the distinct section offering.	Not produced; missing composite segments are encoded as `UNKNOWN`.
comprehensive_data	table	29	period_sortable	varchar	course_catalog_20251215	`course_catalog_20251215.period_sortable` passthrough.	2025-4	Sortable academic term code used for chronological ordering.	Unrecognized or missing academic-period text.
comprehensive_data	table	30	period_date	date	course_catalog_20251215	`course_catalog_20251215.period_date` passthrough.	2025-10-01	Canonical starting date assigned to the academic term.	Unrecognized or missing academic-period text.
comprehensive_data	table	31	is_oer	boolean	format_type_classification	`format_type_classification.is_oer` joined on exact `FormatType`.	TRUE	Whether the material is an open educational resource.	No matching lookup row or the matched lookup value is missing.
comprehensive_data	table	32	oer_category	varchar	format_type_classification	`format_type_classification.oer_category`, coalesced to `unknown`.	unknown	Open-resource category assigned to the material format.	Never NULL; unmatched or missing lookup categories become `unknown`.
comprehensive_data	table	33	is_ia	boolean	format_type_classification	`format_type_classification.is_ia` joined on exact `FormatType`.	TRUE	Whether the material uses inclusive access.	No matching lookup row or the matched lookup value is missing.
comprehensive_data	table	34	ia_category	varchar	format_type_classification	`format_type_classification.ia_category`, coalesced to `unknown`.	unknown	Inclusive-access category assigned to the material format.	Never NULL; unmatched or missing lookup categories become `unknown`.
comprehensive_data	table	35	is_supply	boolean	course_catalog_20251215, supply_isbn_classification	True when catalog ISBN matches recent-derived `supply_isbn_classification.isbn13`; the lookup applies to all history, and unmatched/NULL ISBN is false.	TRUE	Whether the material is classified as a course supply.	Never NULL; false represents absence or exclusion.
comprehensive_data	table	36	supply_category	varchar	course_catalog_20251215, supply_isbn_classification	`supply_isbn_classification.category` from the recent-derived ISBN lookup, applied to all history.	science_lab	Supply classification assigned from matched title keywords.	No matching lookup row or the matched lookup value is missing.
comprehensive_data	table	37	institution_name	varchar	ipeds_data	`ipeds_data.instnm` joined on `unit_id = unitid`.	Example University	Canonical institution name supplied by IPEDS.	No matching lookup row or the matched lookup value is missing.
comprehensive_data	table	38	sector	varchar	ipeds_data	`ipeds_data.sector` joined on institution ID.	unknown	IPEDS sector classification for the institution.	No matching lookup row or the matched lookup value is missing.
comprehensive_data	table	39	level	varchar	ipeds_data	`ipeds_data.iclevel` joined on institution ID.	unknown	IPEDS award-level classification for the institution.	No matching lookup row or the matched lookup value is missing.
comprehensive_data	table	40	control	varchar	ipeds_data	`ipeds_data.control` joined on institution ID.	unknown	Institution ownership and governance classification used for reporting.	No matching lookup row or the matched lookup value is missing.
comprehensive_data	table	41	size	varchar	ipeds_data	`ipeds_data.instsize` joined on institution ID.	unknown	IPEDS institutional enrollment-size classification used for reporting.	No matching lookup row or the matched lookup value is missing.
comprehensive_data	table	42	enrollment_2024	integer	ipeds_data	`ipeds_data.enroll_24` joined on institution ID.	42	Total institutional enrollment reported to IPEDS for 2024.	No matching lookup row or the matched lookup value is missing.
comprehensive_data	table	43	distance_enrollment_2024	integer	ipeds_data	`ipeds_data.dist_enroll_24` joined on institution ID.	42	IPEDS 2024 students enrolled in distance education.	No matching lookup row or the matched lookup value is missing.
comprehensive_data	table	44	institution_type	varchar	ipeds_data	`ipeds_data.inst_type` joined on institution ID.	unknown	Derived institution type used for reporting groups.	No matching lookup row or the matched lookup value is missing.
comprehensive_data	table	45	is_required_direct	boolean	course_catalog_20251215	`course_catalog_20251215.book_status = 'required'` with no supply-classification match.	TRUE	Whether direct required evidence is present at the relation grain.	Never NULL; false represents absence or exclusion.
comprehensive_data	table	46	is_section_required_direct	boolean	recent_period	Local `BOOL_OR` of nonsupply literal-required rows in recent_period by period_sortable and section_id; NULL outside the window.	TRUE	Whether the source section has direct required evidence.	NULL outside the recent-period window; within it, false means no qualifying section evidence.
comprehensive_data	table	47	section_course_id	varchar	section_enrollment	`section_enrollment.course_id` joined on period_sortable and section_id.	1001::BIO::101	Section-canonical course identifier from the upstream section spine.	No matching lookup row or the matched lookup value is missing.
comprehensive_data	table	48	section_control	varchar	ipeds_data, section_enrollment	Local assignment context: `ipeds_data.control` joined through `section_enrollment.unit_id`.	Public	Section-canonical institutional control from the upstream section spine.	No matching lookup row or the matched lookup value is missing.
comprehensive_data	table	49	section_level	varchar	ipeds_data, section_enrollment	Local assignment context: `ipeds_data.iclevel` joined through `section_enrollment.unit_id`.	Four or more years	Section-canonical institutional level from the upstream section spine.	No matching lookup row or the matched lookup value is missing.
comprehensive_data	table	50	section_sector	varchar	ipeds_data, section_enrollment	Local assignment context: `ipeds_data.sector` joined through `section_enrollment.unit_id`.	Public, 4-year or above	Section-canonical institutional sector from the upstream section spine.	No matching lookup row or the matched lookup value is missing.
comprehensive_data	table	51	section_course_level	varchar	section_enrollment	`section_enrollment.course_level` joined on period_sortable and section_id.	Introductory or general undergraduate	Section-canonical instructional level from the upstream section spine.	No matching lookup row or the matched lookup value is missing.
comprehensive_data	table	52	section_enrollments	integer	section_enrollment	`section_enrollment.enrollments` joined on period_sortable and section_id.	42	Section-canonical raw enrollment from the upstream section spine.	No matching lookup row or the matched lookup value is missing.
comprehensive_data	table	53	section_seats_taken	integer	section_enrollment	`section_enrollment.seats_taken` joined on period_sortable and section_id.	42	Section-canonical occupied seats from the upstream section spine.	No matching lookup row or the matched lookup value is missing.
comprehensive_data	table	54	section_has_enrollment	boolean	section_enrollment	`section_enrollment.has_enrollment` joined on period_sortable and section_id.	TRUE	Whether the source section reports enrollment.	NULL outside the recent-period window; within it, false means no qualifying section evidence.
comprehensive_data	table	55	section_has_enrollment_own_seats	boolean	section_enrollment	`section_enrollment.has_enrollment_own_seats` joined on period_sortable and section_id.	TRUE	Whether the source section reports usable occupied seats.	NULL outside the recent-period window; within it, false means no qualifying section evidence.
comprehensive_data	table	56	section_has_enrollment_sibling	boolean	section_enrollment	`section_enrollment.has_enrollment_sibling` joined on period_sortable and section_id for recent-period sections.	TRUE	Whether a sibling source section reports enrollment.	NULL outside the recent-period window; within it, false means no qualifying section evidence.
comprehensive_data	table	57	section_has_enrollment_sibling_seats	boolean	section_enrollment	`section_enrollment.has_enrollment_sibling_seats` joined on period_sortable and section_id for recent-period sections.	TRUE	Whether a sibling section reports usable occupied seats.	NULL outside the recent-period window; within it, false means no qualifying section evidence.
comprehensive_data	table	58	section_enrollment_assigned	integer	section_enrollment, ipeds_data	`ROUND(COALESCE(section_context.enrollments, CASE WHEN section_context.seats_taken < 9999 THEN section_context.seats_taken END, course_enrollment_median, course_seats_median, class_enrollment_median, level_enrollment_median))::INT` in `section_assignment`.	42	Best available enrollment assigned to the source section.	No matching lookup row or the matched lookup value is missing.
comprehensive_data	table	59	section_enrollment_source	varchar	section_enrollment, ipeds_data	`CASE` label for the first non-NULL enrollment rung: `own`, `own_seats`, `sibling_enroll`, `sibling_seats`, `class_median`, `level_median`, else `none`.	class_median	Assignment rung used for the source section.	NULL outside the recent-period window; within it, `none` means no assignment rung succeeded.
comprehensive_data	table	60	is_required_inferred	boolean	course_catalog_20251215, recent_period, supply_isbn_classification	`CASE WHEN period_sortable IN (SELECT period_sortable FROM recent_period) AND ((is_section_required_direct=TRUE AND book_status='required') OR (is_section_required_direct=FALSE AND book_status IS NULL)) THEN TRUE ELSE FALSE END`.	TRUE	Whether the material is treated as required after fallback.	Never NULL; false represents absence or exclusion.
comprehensive_data	table	61	is_recent	boolean	course_catalog_20251215, recent_period	`COALESCE(period_sortable IN (SELECT period_sortable FROM recent_period), FALSE)`.	TRUE	Whether the term belongs to the newest catalog window.	Never NULL; false represents absence or exclusion.
comprehensive_data	table	62	has_isbn	boolean	course_catalog_20251215	`ISBN13 IS NOT NULL`.	TRUE	Whether the material has a non-NULL ISBN.	Never NULL; false represents absence or exclusion.
comprehensive_data	table	63	has_formattype	boolean	course_catalog_20251215	`FormatType IS NOT NULL AND TRIM(FormatType) <> ''`.	TRUE	Whether the material has a nonblank FormatType classification.	Never NULL; false represents absence or exclusion.
comprehensive_data	table	64	has_enrollment	boolean	course_catalog_20251215	`enrollments IS NOT NULL`.	TRUE	Whether usable enrollment information is available.	Never NULL; false represents absence or exclusion.
comprehensive_data	table	65	has_enrollment_own_seats	boolean	course_catalog_20251215	`seats_taken IS NOT NULL AND seats_taken < 9999`.	TRUE	Whether the section reports usable occupied seats.	Never NULL; false represents absence or exclusion.
comprehensive_data	table	66	no_details	boolean	course_catalog_20251215	`COALESCE(Title = '*No Book Details*', FALSE)`.	TRUE	Whether the title carries the no-details placeholder.	Never NULL; false represents absence or exclusion.
comprehensive_data	table	67	no_materials	boolean	course_catalog_20251215, supply_isbn_classification	`COALESCE(Title = '*No Books Required*', FALSE) OR COALESCE(supply_category = 'placeholder_no_material', FALSE)`.	TRUE	Whether the row explicitly indicates no course materials.	Never NULL; false represents absence or exclusion.
comprehensive_data	table	68	is_canada	boolean	course_catalog_20251215	`COALESCE(state = 'CAN', FALSE)`.	TRUE	Whether the source row belongs to Canada.	Never NULL; false represents absence or exclusion.
comprehensive_data	table	69	is_course_material_use	boolean	course_catalog_20251215, recent_period, supply_isbn_classification	Recent-period AND not Canada AND has ISBN AND not supply/no-details/no-materials.	TRUE	Whether the material belongs to the analysis population.	Never NULL; false represents absence or exclusion.
comprehensive_data	table	70	is_course_material_no_use	boolean	course_catalog_20251215, recent_period, supply_isbn_classification	Recent-period complement of `is_course_material_use`; false outside the window.	TRUE	Whether the material belongs to the excluded population.	Never NULL; false represents absence or exclusion.
course_material	table	1	isbn13	bigint	comprehensive_data	`comprehensive_data.ISBN13` group key and cast to BIGINT.	9780000000002	Book or material identifier used for cross-source matching.	ISBN is NULL only on audit groups; section and sortable-period keys are required.
course_material	table	2	book_title	varchar	comprehensive_data	Representative `comprehensive_data.Title` from grouped rows.	Introduction to Biology	Canonical title selected for the grouped ISBN.	The selected representative row has no value; another grouped row may have one.
course_material	table	3	author	varchar	comprehensive_data	Representative `comprehensive_data.Author` from grouped rows.	A. Example	Author credited for the adopted course material.	The selected representative row has no value; another grouped row may have one.
course_material	table	4	publisher	varchar	comprehensive_data	Representative `comprehensive_data.Publisher` from grouped rows.	Example Press	Publisher credited for the adopted course material.	The selected representative row has no value; another grouped row may have one.
course_material	table	5	imprint	varchar	comprehensive_data	Representative `comprehensive_data.Imprint` from grouped rows.	Example Academic	Publishing imprint named for the adopted material.	The selected representative row has no value; another grouped row may have one.
course_material	table	6	book_format	varchar	comprehensive_data	Representative `comprehensive_data.Format` from grouped rows.	physical	Physical or digital format of the material.	The selected representative row has no value; another grouped row may have one.
course_material	table	7	format_type	varchar	comprehensive_data	Representative `comprehensive_data.FormatType` from grouped rows.	Book	Catalog classification label for the material format.	The selected representative row has no value; another grouped row may have one.
course_material	table	8	book_status	varchar	comprehensive_data	Representative `comprehensive_data.book_status` from grouped rows.	required	Adoption priority assigned to the course material.	The selected representative row has no value; another grouped row may have one.
course_material	table	9	isbn_book_title	varchar	comprehensive_data	Lexical `MIN(NULLIF(TRIM(Title),''))` across Use catalog rows for `(period_sortable, isbn13)`.	Introduction to Biology	Canonical title selected for the term-level ISBN.	No nonmissing metadata value for the term×ISBN.
course_material	table	10	isbn_author	varchar	comprehensive_data	Lexical `MIN(NULLIF(TRIM(Author),''))` across Use catalog rows for `(period_sortable, isbn13)`.	A. Example	Canonical author selected for the term-level ISBN.	No nonmissing metadata value for the term×ISBN.
course_material	table	11	isbn_publisher	varchar	comprehensive_data	Lexical `MIN(NULLIF(TRIM(Publisher),''))` across Use catalog rows for `(period_sortable, isbn13)`.	Example Press	Canonical publisher selected for the term-level ISBN.	No nonmissing metadata value for the term×ISBN.
course_material	table	12	isbn_title_variant_count	bigint	comprehensive_data	Distinct nonmissing `title` variants across all catalog rows for `(period_sortable, isbn13)`.	42	Distinct ISBN title variants found within grouped catalog rows.	Never NULL; zero means no nonmissing value.
course_material	table	13	isbn_author_variant_count	bigint	comprehensive_data	Distinct nonmissing `author` variants across all catalog rows for `(period_sortable, isbn13)`.	42	Distinct ISBN author variants found within grouped catalog rows.	Never NULL; zero means no nonmissing value.
course_material	table	14	isbn_publisher_variant_count	bigint	comprehensive_data	Distinct nonmissing `publisher` variants across all catalog rows for `(period_sortable, isbn13)`.	42	Distinct ISBN publisher variants found within grouped catalog rows.	Never NULL; zero means no nonmissing value.
course_material	table	15	unit_id	bigint	comprehensive_data	Representative `comprehensive_data.unit_id` from grouped rows.	1001	IPEDS institution identifier used throughout the pipeline.	The selected representative row has no value; another grouped row may have one.
course_material	table	16	school	varchar	comprehensive_data	Representative `comprehensive_data.school` from grouped rows.	Example University	Institution or school name attached to the course.	The selected representative row has no value; another grouped row may have one.
course_material	table	17	state	varchar	comprehensive_data	Representative `comprehensive_data.state` from grouped rows.	CA	State or province code for the institution.	The selected representative row has no value; another grouped row may have one.
course_material	table	18	dept_code	varchar	comprehensive_data	Representative `comprehensive_data.dept_code` from grouped rows.	BIO	Short code identifying the academic department.	The selected representative row has no value; another grouped row may have one.
course_material	table	19	department	varchar	comprehensive_data	Representative `comprehensive_data.department` from grouped rows.	Biology	Academic department responsible for the course.	The selected representative row has no value; another grouped row may have one.
course_material	table	20	dept_description	varchar	comprehensive_data	Representative `comprehensive_data.dept_description` from grouped rows.	Biology	Expanded description of the academic department.	The selected representative row has no value; another grouped row may have one.
course_material	table	21	course_number	varchar	comprehensive_data	Representative `comprehensive_data.course_number` from grouped rows.	101	Catalog number identifying the course within its department.	The selected representative row has no value; another grouped row may have one.
course_material	table	22	section	varchar	comprehensive_data	Representative `comprehensive_data.section` from grouped rows.	001	Source code distinguishing sections of the same course.	The selected representative row has no value; another grouped row may have one.
course_material	table	23	course_title	varchar	comprehensive_data	Representative `comprehensive_data.course_title` from grouped rows.	Introduction to Biology	Official title assigned to the course.	The selected representative row has no value; another grouped row may have one.
course_material	table	24	course_level	varchar	comprehensive_data	`COALESCE(comprehensive_data.section_course_level, representative comprehensive_data.course_level)`.	Introductory or general undergraduate	Instructional level assigned to the course.	Neither the section-canonical value nor representative source row has a value.
course_material	table	25	course_subject	varchar	comprehensive_data	Representative `comprehensive_data.course_subject` from grouped rows.	BIO	Subject area assigned to the course.	The selected representative row has no value; another grouped row may have one.
course_material	table	26	period	varchar	comprehensive_data	Representative `comprehensive_data.period` from grouped rows.	Fall 2025	Human-readable academic term label from the source.	The selected representative row has no value; another grouped row may have one.
course_material	table	27	enrollments	integer	comprehensive_data	`COALESCE(comprehensive_data.section_enrollments, representative comprehensive_data.enrollments)`.	42	Enrollment reported directly for the course section.	Neither the section-canonical value nor representative source row has a value.
course_material	table	28	seats_taken	integer	comprehensive_data	`COALESCE(comprehensive_data.section_seats_taken, representative comprehensive_data.seats_taken)`.	42	Occupied seats reported for the course section.	Neither the section-canonical value nor representative source row has a value.
course_material	table	29	instructor	varchar	comprehensive_data	Representative `comprehensive_data.instructor` from grouped rows.	A. Example	Instructor name attached to the course section.	The selected representative row has no value; another grouped row may have one.
course_material	table	30	first_name	varchar	comprehensive_data	Representative `comprehensive_data.first_name` from grouped rows.	A. Example	Given name of the course instructor.	The selected representative row has no value; another grouped row may have one.
course_material	table	31	last_name	varchar	comprehensive_data	Representative `comprehensive_data.last_name` from grouped rows.	A. Example	Family name of the course instructor.	The selected representative row has no value; another grouped row may have one.
course_material	table	32	email	varchar	comprehensive_data	Representative `comprehensive_data.email` from grouped rows.	instructor@example.edu	Normalized instructor email used for contact and matching.	The selected representative row has no value; another grouped row may have one.
course_material	table	33	course_id	varchar	comprehensive_data	`COALESCE(comprehensive_data.section_course_id, representative comprehensive_data.course_id)`.	1001::BIO::101	Stable identifier for the institution-level course offering.	Neither the section-canonical value nor representative source row has a value.
course_material	table	34	section_id	varchar	comprehensive_data	`comprehensive_data.section_id` group key.	1001::BIO::101::001::2025-4	Period-specific identifier for the distinct section offering.	ISBN is NULL only on audit groups; section and sortable-period keys are required.
course_material	table	35	period_sortable	varchar	comprehensive_data	`comprehensive_data.period_sortable` group key.	2025-4	Sortable academic term code used for chronological ordering.	ISBN is NULL only on audit groups; section and sortable-period keys are required.
course_material	table	36	period_date	date	comprehensive_data	Representative `comprehensive_data.period_date` from grouped rows.	2025-10-01	Canonical starting date assigned to the academic term.	The selected representative row has no value; another grouped row may have one.
course_material	table	37	is_oer	boolean	comprehensive_data	`BOOL_OR(is_oer)` across grouped `comprehensive_data` rows.	TRUE	Whether the material is an open educational resource.	Never NULL under the normalized row-flag contract; false means no grouped row qualifies.
course_material	table	38	oer_category	varchar	comprehensive_data	Representative `comprehensive_data.oer_category` from grouped rows.	unknown	Open-resource category assigned to the material format.	The selected representative row has no value; another grouped row may have one.
course_material	table	39	is_ia	boolean	comprehensive_data	`BOOL_OR(is_ia)` across grouped `comprehensive_data` rows.	TRUE	Whether the material uses inclusive access.	Never NULL under the normalized row-flag contract; false means no grouped row qualifies.
course_material	table	40	ia_category	varchar	comprehensive_data	Representative `comprehensive_data.ia_category` from grouped rows.	unknown	Inclusive-access category assigned to the material format.	The selected representative row has no value; another grouped row may have one.
course_material	table	41	is_supply	boolean	comprehensive_data	`BOOL_OR(is_supply)` across grouped `comprehensive_data` rows.	TRUE	Whether the material is classified as a course supply.	Never NULL under the normalized row-flag contract; false means no grouped row qualifies.
course_material	table	42	supply_category	varchar	comprehensive_data	Representative `comprehensive_data.supply_category` from grouped rows.	science_lab	Supply classification assigned from matched title keywords.	The selected representative row has no value; another grouped row may have one.
course_material	table	43	institution_name	varchar	comprehensive_data	Representative `comprehensive_data.institution_name` from grouped rows.	Example University	Canonical institution name supplied by IPEDS.	The selected representative row has no value; another grouped row may have one.
course_material	table	44	sector	varchar	comprehensive_data	`COALESCE(comprehensive_data.section_sector, representative comprehensive_data.sector)`.	unknown	IPEDS sector classification for the institution.	Neither the section-canonical value nor representative source row has a value.
course_material	table	45	level	varchar	comprehensive_data	`COALESCE(comprehensive_data.section_level, representative comprehensive_data.level)`.	unknown	IPEDS award-level classification for the institution.	Neither the section-canonical value nor representative source row has a value.
course_material	table	46	control	varchar	comprehensive_data	`COALESCE(comprehensive_data.section_control, representative comprehensive_data.control)`.	unknown	Institution ownership and governance classification used for reporting.	Neither the section-canonical value nor representative source row has a value.
course_material	table	47	size	varchar	comprehensive_data	Representative `comprehensive_data.size` from grouped rows.	unknown	IPEDS institutional enrollment-size classification used for reporting.	The selected representative row has no value; another grouped row may have one.
course_material	table	48	enrollment_2024	integer	comprehensive_data	Representative `comprehensive_data.enrollment_2024` from grouped rows.	42	Total institutional enrollment reported to IPEDS for 2024.	The selected representative row has no value; another grouped row may have one.
course_material	table	49	distance_enrollment_2024	integer	comprehensive_data	Representative `comprehensive_data.distance_enrollment_2024` from grouped rows.	42	IPEDS 2024 students enrolled in distance education.	The selected representative row has no value; another grouped row may have one.
course_material	table	50	institution_type	varchar	comprehensive_data	Representative `comprehensive_data.institution_type` from grouped rows.	unknown	Derived institution type used for reporting groups.	The selected representative row has no value; another grouped row may have one.
course_material	table	51	is_required_inferred	boolean	comprehensive_data	`BOOL_OR(is_required_inferred)` across grouped `comprehensive_data` rows.	TRUE	Whether the material is treated as required after fallback.	Never NULL under the normalized row-flag contract; false means no grouped row qualifies.
course_material	table	52	is_recent	boolean	comprehensive_data	`BOOL_OR(is_recent)` across grouped `comprehensive_data` rows.	TRUE	Whether the term belongs to the newest catalog window.	Never NULL under the normalized row-flag contract; false means no grouped row qualifies.
course_material	table	53	has_isbn	boolean	comprehensive_data	Grouped ISBN key `IS NOT NULL`.	TRUE	Whether the material has a non-NULL ISBN.	Never NULL; false identifies the NULL-ISBN audit group.
course_material	table	54	has_formattype	boolean	comprehensive_data	`BOOL_OR(has_formattype)` across grouped `comprehensive_data` rows.	TRUE	Whether the material has a nonblank FormatType classification.	Never NULL under the normalized row-flag contract; false means no grouped row qualifies.
course_material	table	55	has_enrollment	boolean	comprehensive_data	`COALESCE(comprehensive_data.section_has_enrollment, representative comprehensive_data.has_enrollment)`.	TRUE	Whether usable enrollment information is available.	Never NULL; false means neither section-canonical nor source-row evidence qualifies.
course_material	table	56	has_enrollment_own_seats	boolean	comprehensive_data	`COALESCE(comprehensive_data.section_has_enrollment_own_seats, representative comprehensive_data.has_enrollment_own_seats)`.	TRUE	Whether the section reports usable occupied seats.	Never NULL; false means neither section-canonical nor source-row evidence qualifies.
course_material	table	57	no_details	boolean	comprehensive_data	`BOOL_OR(no_details)` across grouped `comprehensive_data` rows.	TRUE	Whether the title carries the no-details placeholder.	Never NULL under the normalized row-flag contract; false means no grouped row qualifies.
course_material	table	58	no_materials	boolean	comprehensive_data	`BOOL_OR(no_materials)` across grouped `comprehensive_data` rows.	TRUE	Whether the row explicitly indicates no course materials.	Never NULL under the normalized row-flag contract; false means no grouped row qualifies.
course_material	table	59	is_canada	boolean	comprehensive_data	`BOOL_OR(is_canada)` across grouped `comprehensive_data` rows.	TRUE	Whether the source row belongs to Canada.	Never NULL under the normalized row-flag contract; false means no grouped row qualifies.
course_material	table	60	is_course_material_use	boolean	comprehensive_data	Exact alias of grouped `has_use_source_row`.	TRUE	Whether the material belongs to the analysis population.	Never NULL; false means no grouped raw row is in Use.
course_material	table	61	is_course_material_no_use	boolean	comprehensive_data	`is_recent AND NOT has_use_source_row` at canonical item grain.	TRUE	Whether the material belongs to the excluded population.	Never NULL; false includes outside-window groups and Use groups.
course_material	table	62	has_enrollment_sibling	boolean	comprehensive_data	`comprehensive_data.section_has_enrollment_sibling` from the upstream section join.	TRUE	Whether a sibling section reports enrollment.	NULL outside the recent window; within it, false means no sibling evidence.
course_material	table	63	has_enrollment_sibling_seats	boolean	comprehensive_data	`comprehensive_data.section_has_enrollment_sibling_seats` from the upstream section join.	TRUE	Whether a sibling section reports usable occupied seats.	NULL outside the recent window; within it, false means no sibling evidence.
course_material	table	64	enrollment_assigned	integer	comprehensive_data	`comprehensive_data.section_enrollment_assigned` from the upstream section join.	42	Best available section enrollment from the assignment ladder.	NULL outside the recent window or when no assignment rung succeeds.
course_material	table	65	enrollment_source	varchar	comprehensive_data	`comprehensive_data.section_enrollment_source` from the upstream section join.	own	Assignment-ladder rung that supplied the section enrollment.	NULL outside the recent window; within it, `none` means no rung succeeded.
course_material	table	66	is_required_direct	boolean	comprehensive_data	`BOOL_OR(is_required_direct)` across grouped `comprehensive_data` rows.	TRUE	Whether direct required evidence is present at the relation grain.	Never NULL under the normalized row-flag contract; false means no grouped row qualifies.
course_material	table	67	is_optional_or_recommended_direct	boolean	comprehensive_data	`BOOL_OR(book_status IN ('option','recommended'))` across grouped `comprehensive_data` rows.	TRUE	Whether grouped rows include optional or recommended direct-status evidence.	Never NULL under the normalized row-flag contract; false means no grouped row qualifies.
course_material	table	68	source_row_count	bigint	comprehensive_data	Count of all `comprehensive_data` rows.	42	Catalog rows collapsed into the canonical material item.	Never NULL or zero for a retained group.
course_material	table	69	title_variant_count	bigint	comprehensive_data	Distinct nonmissing `title` count in grouped catalog rows.	42	Distinct title variants found within grouped catalog rows.	Never NULL; zero means no nonmissing value.
course_material	table	70	author_variant_count	bigint	comprehensive_data	Distinct nonmissing `author` count in grouped catalog rows.	42	Distinct author variants found within grouped catalog rows.	Never NULL; zero means no nonmissing value.
course_material	table	71	publisher_variant_count	bigint	comprehensive_data	Distinct nonmissing `publisher` count in grouped catalog rows.	42	Distinct publisher variants found within grouped catalog rows.	Never NULL; zero means no nonmissing value.
course_material	table	72	imprint_variant_count	bigint	comprehensive_data	Distinct nonmissing `imprint` count in grouped catalog rows.	42	Distinct imprint variants found within grouped catalog rows.	Never NULL; zero means no nonmissing value.
course_material	table	73	book_format_variant_count	bigint	comprehensive_data	Distinct nonmissing `book_format` count in grouped catalog rows.	42	Distinct book format variants found within grouped catalog rows.	Never NULL; zero means no nonmissing value.
course_material	table	74	format_type_variant_count	bigint	comprehensive_data	Distinct nonmissing `format_type` count in grouped catalog rows.	42	Distinct FormatType variants found within grouped catalog rows.	Never NULL; zero means no nonmissing value.
course_material	table	75	book_status_variant_count	bigint	comprehensive_data	Distinct nonmissing `book_status` count in grouped catalog rows.	42	Distinct book status variants found within grouped catalog rows.	Never NULL; zero means no nonmissing value.
course_material	table	76	catalog_metadata_conflict	boolean	comprehensive_data	True when any title/author/publisher/imprint/format/FormatType/book-status variant count exceeds one.	TRUE	Flags conflicting bibliographic values among grouped catalog rows.	Never NULL; false means the named conflict was not detected.
course_material	table	77	is_required_inferred_conflict	boolean	comprehensive_data	DQ flag: grouped `is_required_inferred` evidence disagrees (BOOL_OR distinct from BOOL_AND, or component conflict OR as applicable).	TRUE	Whether grouped rows disagree on inferred-required status.	Never NULL; false means no detected within-group conflict.
course_material	table	78	is_oer_conflict	boolean	comprehensive_data	DQ flag: grouped `is_oer` evidence disagrees (BOOL_OR distinct from BOOL_AND, or component conflict OR as applicable).	TRUE	Whether grouped rows disagree on open-resource classification.	Never NULL; false means no detected within-group conflict.
course_material	table	79	is_ia_conflict	boolean	comprehensive_data	DQ flag: grouped `is_ia` evidence disagrees (BOOL_OR distinct from BOOL_AND, or component conflict OR as applicable).	TRUE	Whether grouped rows disagree on inclusive-access classification.	Never NULL; false means no detected within-group conflict.
course_material	table	80	use_source_row_count	bigint	comprehensive_data	Count of Use `comprehensive_data` rows.	42	Included catalog rows collapsed into the canonical item.	Never NULL; zero is possible for the filtered count.
course_material	table	81	no_use_source_row_count	bigint	comprehensive_data	Count of NoUse `comprehensive_data` rows.	42	Excluded catalog rows collapsed into the canonical item.	Never NULL; zero is possible for the filtered count.
course_material	table	82	has_use_source_row	boolean	comprehensive_data	`BOOL_OR(is_course_material_use)` across grouped `comprehensive_data` rows.	TRUE	Whether grouped rows include retained-population evidence.	Never NULL under the normalized row-flag contract; false means no grouped row qualifies.
course_material	table	83	has_no_use_source_row	boolean	comprehensive_data	`BOOL_OR(is_course_material_no_use)` across grouped `comprehensive_data` rows.	TRUE	Whether grouped rows include excluded-population evidence.	Never NULL under the normalized row-flag contract; false means no grouped row qualifies.
course_material	table	84	population_classification_conflict	boolean	comprehensive_data	True when both Use and NoUse source-row counts exceed zero.	TRUE	Flags simultaneous Use and NoUse evidence within groups.	Never NULL; false means the named conflict was not detected.
course_material	table	85	instructor_variant_count	bigint	comprehensive_data	Distinct nonmissing `instructor` count in grouped catalog rows.	42	Distinct instructor variants found within grouped catalog rows.	Never NULL; zero means no nonmissing value.
course_material	table	86	email_variant_count	bigint	comprehensive_data	Distinct nonmissing `email` count in grouped catalog rows.	42	Distinct email variants found within grouped catalog rows.	Never NULL; zero means no nonmissing value.
course_material	table	87	contact_metadata_conflict	boolean	comprehensive_data	True when instructor or email variant count exceeds one.	TRUE	Flags conflicting instructor or email values within groups.	Never NULL; false means the named conflict was not detected.
course_material	table	88	is_supply_conflict	boolean	comprehensive_data	DQ flag: grouped `is_supply` evidence disagrees (BOOL_OR distinct from BOOL_AND, or component conflict OR as applicable).	TRUE	Whether grouped rows disagree on supply classification.	Never NULL; false means no detected within-group conflict.
course_material	table	89	no_details_conflict	boolean	comprehensive_data	DQ flag: grouped `no_details` evidence disagrees (BOOL_OR distinct from BOOL_AND, or component conflict OR as applicable).	TRUE	Flags disagreement about the no-details placeholder within groups.	Never NULL; false means no detected within-group conflict.
course_material	table	90	no_materials_conflict	boolean	comprehensive_data	DQ flag: grouped `no_materials` evidence disagrees (BOOL_OR distinct from BOOL_AND, or component conflict OR as applicable).	TRUE	Flags disagreement about no-materials evidence within groups.	Never NULL; false means no detected within-group conflict.
course_material	table	91	is_canada_conflict	boolean	comprehensive_data	DQ flag: grouped `is_canada` evidence disagrees (BOOL_OR distinct from BOOL_AND, or component conflict OR as applicable).	TRUE	Whether grouped rows disagree on Canadian classification.	Never NULL; false means no detected within-group conflict.
course_material	table	92	is_null_isbn_audit	boolean	comprehensive_data	True when grouped ISBN is NULL.	TRUE	Whether the row audits a NULL-ISBN source group.	Never NULL; false means the named evidence is absent.
course_material	table	93	has_nonnull_isbn_in_section	boolean	comprehensive_data	Section-level `BOOL_OR(isbn13 IS NOT NULL)` across grouped items.	TRUE	Whether the section contains another non-NULL ISBN.	Never NULL; false means the named evidence is absent.
course_material	table	94	is_no_adoption_section	boolean	comprehensive_data	NULL-ISBN audit row in a section with no non-NULL ISBN.	TRUE	Whether the section has no non-NULL adopted ISBN.	Never NULL; false means the named evidence is absent.
course_material	table	95	is_section_required_direct	boolean	comprehensive_data	`BOOL_OR(is_section_required_direct)` across grouped `comprehensive_data` rows.	TRUE	Whether the source section has direct required evidence.	NULL outside the recent-period window when no upstream section context exists.
course_material	table	96	section_course_material_no_use_count	bigint	comprehensive_data	`COUNT(*) FILTER (WHERE is_course_material_no_use)` across canonical `(period_sortable, section_id, isbn13)` keys for the section, repeated on each item.	42	Excluded canonical items counted for the source section.	Never NULL; false or zero means the named section evidence is absent.
course_material	table	97	section_no_details_count	bigint	comprehensive_data	`COUNT(*) FILTER (WHERE no_details)` across canonical `(period_sortable, section_id, isbn13)` keys for the section, repeated on each item.	42	No-details canonical items counted for the source section.	Never NULL; false or zero means the named section evidence is absent.
course_material	table	98	section_no_materials_count	bigint	comprehensive_data	`COUNT(*) FILTER (WHERE no_materials)` across canonical `(period_sortable, section_id, isbn13)` keys for the section, repeated on each item.	42	No-materials canonical items counted for the source section.	Never NULL; false or zero means the named section evidence is absent.
course_material	table	99	is_section_canada	boolean	comprehensive_data	`COALESCE(BOOL_OR(is_canada), FALSE)` across canonical `(period_sortable, section_id, isbn13)` keys for the section, repeated on each item.	TRUE	Whether any canonical item marks the source section Canadian.	Never NULL; false or zero means the named section evidence is absent.
course_material	table	100	is_section_supply	boolean	comprehensive_data	`COALESCE(BOOL_OR(is_supply), FALSE)` across canonical `(period_sortable, section_id, isbn13)` keys for the section, repeated on each item.	TRUE	Whether any canonical item marks the source section supply.	Never NULL; false or zero means the named section evidence is absent.
course_material	table	101	section_supply_count	bigint	comprehensive_data	`COUNT(*) FILTER (WHERE is_supply)` across canonical `(period_sortable, section_id, isbn13)` keys for the section, repeated on each item.	42	Supply canonical items counted for the source section.	Never NULL; false or zero means the named section evidence is absent.
course_material_recent	view	1	isbn13	bigint	course_material	Inherited `course_material.isbn13` via `SELECT *`.	9780000000002	Book or material identifier used for cross-source matching.	ISBN is NULL only on audit groups; section and sortable-period keys are required.
course_material_recent	view	2	book_title	varchar	course_material	Inherited `course_material.book_title` via `SELECT *`.	Introduction to Biology	Canonical title selected for the grouped ISBN.	The selected representative row has no value; another grouped row may have one.
course_material_recent	view	3	author	varchar	course_material	Inherited `course_material.author` via `SELECT *`.	A. Example	Author credited for the adopted course material.	The selected representative row has no value; another grouped row may have one.
course_material_recent	view	4	publisher	varchar	course_material	Inherited `course_material.publisher` via `SELECT *`.	Example Press	Publisher credited for the adopted course material.	The selected representative row has no value; another grouped row may have one.
course_material_recent	view	5	imprint	varchar	course_material	Inherited `course_material.imprint` via `SELECT *`.	Example Academic	Publishing imprint named for the adopted material.	The selected representative row has no value; another grouped row may have one.
course_material_recent	view	6	book_format	varchar	course_material	Inherited `course_material.book_format` via `SELECT *`.	physical	Physical or digital format of the material.	The selected representative row has no value; another grouped row may have one.
course_material_recent	view	7	format_type	varchar	course_material	Inherited `course_material.format_type` via `SELECT *`.	Book	Catalog classification label for the material format.	The selected representative row has no value; another grouped row may have one.
course_material_recent	view	8	book_status	varchar	course_material	Inherited `course_material.book_status` via `SELECT *`.	required	Adoption priority assigned to the course material.	The selected representative row has no value; another grouped row may have one.
course_material_recent	view	9	isbn_book_title	varchar	course_material	Inherited `course_material.isbn_book_title` via `SELECT *`.	Introduction to Biology	Canonical title selected for the term-level ISBN.	No nonmissing metadata value for the term×ISBN.
course_material_recent	view	10	isbn_author	varchar	course_material	Inherited `course_material.isbn_author` via `SELECT *`.	A. Example	Canonical author selected for the term-level ISBN.	No nonmissing metadata value for the term×ISBN.
course_material_recent	view	11	isbn_publisher	varchar	course_material	Inherited `course_material.isbn_publisher` via `SELECT *`.	Example Press	Canonical publisher selected for the term-level ISBN.	No nonmissing metadata value for the term×ISBN.
course_material_recent	view	12	isbn_title_variant_count	bigint	course_material	Inherited `course_material.isbn_title_variant_count` via `SELECT *`.	42	Distinct ISBN title variants found within grouped catalog rows.	Never NULL; zero means no nonmissing value.
course_material_recent	view	13	isbn_author_variant_count	bigint	course_material	Inherited `course_material.isbn_author_variant_count` via `SELECT *`.	42	Distinct ISBN author variants found within grouped catalog rows.	Never NULL; zero means no nonmissing value.
course_material_recent	view	14	isbn_publisher_variant_count	bigint	course_material	Inherited `course_material.isbn_publisher_variant_count` via `SELECT *`.	42	Distinct ISBN publisher variants found within grouped catalog rows.	Never NULL; zero means no nonmissing value.
course_material_recent	view	15	unit_id	bigint	course_material	Inherited `course_material.unit_id` via `SELECT *`.	1001	IPEDS institution identifier used throughout the pipeline.	The selected representative row has no value; another grouped row may have one.
course_material_recent	view	16	school	varchar	course_material	Inherited `course_material.school` via `SELECT *`.	Example University	Institution or school name attached to the course.	The selected representative row has no value; another grouped row may have one.
course_material_recent	view	17	state	varchar	course_material	Inherited `course_material.state` via `SELECT *`.	CA	State or province code for the institution.	The selected representative row has no value; another grouped row may have one.
course_material_recent	view	18	dept_code	varchar	course_material	Inherited `course_material.dept_code` via `SELECT *`.	BIO	Short code identifying the academic department.	The selected representative row has no value; another grouped row may have one.
course_material_recent	view	19	department	varchar	course_material	Inherited `course_material.department` via `SELECT *`.	Biology	Academic department responsible for the course.	The selected representative row has no value; another grouped row may have one.
course_material_recent	view	20	dept_description	varchar	course_material	Inherited `course_material.dept_description` via `SELECT *`.	Biology	Expanded description of the academic department.	The selected representative row has no value; another grouped row may have one.
course_material_recent	view	21	course_number	varchar	course_material	Inherited `course_material.course_number` via `SELECT *`.	101	Catalog number identifying the course within its department.	The selected representative row has no value; another grouped row may have one.
course_material_recent	view	22	section	varchar	course_material	Inherited `course_material.section` via `SELECT *`.	001	Source code distinguishing sections of the same course.	The selected representative row has no value; another grouped row may have one.
course_material_recent	view	23	course_title	varchar	course_material	Inherited `course_material.course_title` via `SELECT *`.	Introduction to Biology	Official title assigned to the course.	The selected representative row has no value; another grouped row may have one.
course_material_recent	view	24	course_level	varchar	course_material	Inherited `course_material.course_level` via `SELECT *`.	Introductory or general undergraduate	Instructional level assigned to the course.	Neither the section-canonical value nor representative source row has a value.
course_material_recent	view	25	course_subject	varchar	course_material	Inherited `course_material.course_subject` via `SELECT *`.	BIO	Subject area assigned to the course.	The selected representative row has no value; another grouped row may have one.
course_material_recent	view	26	period	varchar	course_material	Inherited `course_material.period` via `SELECT *`.	Fall 2025	Human-readable academic term label from the source.	The selected representative row has no value; another grouped row may have one.
course_material_recent	view	27	enrollments	integer	course_material	Inherited `course_material.enrollments` via `SELECT *`.	42	Enrollment reported directly for the course section.	Neither the section-canonical value nor representative source row has a value.
course_material_recent	view	28	seats_taken	integer	course_material	Inherited `course_material.seats_taken` via `SELECT *`.	42	Occupied seats reported for the course section.	Neither the section-canonical value nor representative source row has a value.
course_material_recent	view	29	instructor	varchar	course_material	Inherited `course_material.instructor` via `SELECT *`.	A. Example	Instructor name attached to the course section.	The selected representative row has no value; another grouped row may have one.
course_material_recent	view	30	first_name	varchar	course_material	Inherited `course_material.first_name` via `SELECT *`.	A. Example	Given name of the course instructor.	The selected representative row has no value; another grouped row may have one.
course_material_recent	view	31	last_name	varchar	course_material	Inherited `course_material.last_name` via `SELECT *`.	A. Example	Family name of the course instructor.	The selected representative row has no value; another grouped row may have one.
course_material_recent	view	32	email	varchar	course_material	Inherited `course_material.email` via `SELECT *`.	instructor@example.edu	Normalized instructor email used for contact and matching.	The selected representative row has no value; another grouped row may have one.
course_material_recent	view	33	course_id	varchar	course_material	Inherited `course_material.course_id` via `SELECT *`.	1001::BIO::101	Stable identifier for the institution-level course offering.	Neither the section-canonical value nor representative source row has a value.
course_material_recent	view	34	section_id	varchar	course_material	Inherited `course_material.section_id` via `SELECT *`.	1001::BIO::101::001::2025-4	Period-specific identifier for the distinct section offering.	ISBN is NULL only on audit groups; section and sortable-period keys are required.
course_material_recent	view	35	period_sortable	varchar	course_material	Inherited `course_material.period_sortable` via `SELECT *`.	2025-4	Sortable academic term code used for chronological ordering.	ISBN is NULL only on audit groups; section and sortable-period keys are required.
course_material_recent	view	36	period_date	date	course_material	Inherited `course_material.period_date` via `SELECT *`.	2025-10-01	Canonical starting date assigned to the academic term.	The selected representative row has no value; another grouped row may have one.
course_material_recent	view	37	is_oer	boolean	course_material	Inherited `course_material.is_oer` via `SELECT *`.	TRUE	Whether the material is an open educational resource.	Never NULL under the normalized row-flag contract; false means no grouped row qualifies.
course_material_recent	view	38	oer_category	varchar	course_material	Inherited `course_material.oer_category` via `SELECT *`.	unknown	Open-resource category assigned to the material format.	The selected representative row has no value; another grouped row may have one.
course_material_recent	view	39	is_ia	boolean	course_material	Inherited `course_material.is_ia` via `SELECT *`.	TRUE	Whether the material uses inclusive access.	Never NULL under the normalized row-flag contract; false means no grouped row qualifies.
course_material_recent	view	40	ia_category	varchar	course_material	Inherited `course_material.ia_category` via `SELECT *`.	unknown	Inclusive-access category assigned to the material format.	The selected representative row has no value; another grouped row may have one.
course_material_recent	view	41	is_supply	boolean	course_material	Inherited `course_material.is_supply` via `SELECT *`.	TRUE	Whether the material is classified as a course supply.	Never NULL under the normalized row-flag contract; false means no grouped row qualifies.
course_material_recent	view	42	supply_category	varchar	course_material	Inherited `course_material.supply_category` via `SELECT *`.	science_lab	Supply classification assigned from matched title keywords.	The selected representative row has no value; another grouped row may have one.
course_material_recent	view	43	institution_name	varchar	course_material	Inherited `course_material.institution_name` via `SELECT *`.	Example University	Canonical institution name supplied by IPEDS.	The selected representative row has no value; another grouped row may have one.
course_material_recent	view	44	sector	varchar	course_material	Inherited `course_material.sector` via `SELECT *`.	unknown	IPEDS sector classification for the institution.	Neither the section-canonical value nor representative source row has a value.
course_material_recent	view	45	level	varchar	course_material	Inherited `course_material.level` via `SELECT *`.	unknown	IPEDS award-level classification for the institution.	Neither the section-canonical value nor representative source row has a value.
course_material_recent	view	46	control	varchar	course_material	Inherited `course_material.control` via `SELECT *`.	unknown	Institution ownership and governance classification used for reporting.	Neither the section-canonical value nor representative source row has a value.
course_material_recent	view	47	size	varchar	course_material	Inherited `course_material.size` via `SELECT *`.	unknown	IPEDS institutional enrollment-size classification used for reporting.	The selected representative row has no value; another grouped row may have one.
course_material_recent	view	48	enrollment_2024	integer	course_material	Inherited `course_material.enrollment_2024` via `SELECT *`.	42	Total institutional enrollment reported to IPEDS for 2024.	The selected representative row has no value; another grouped row may have one.
course_material_recent	view	49	distance_enrollment_2024	integer	course_material	Inherited `course_material.distance_enrollment_2024` via `SELECT *`.	42	IPEDS 2024 students enrolled in distance education.	The selected representative row has no value; another grouped row may have one.
course_material_recent	view	50	institution_type	varchar	course_material	Inherited `course_material.institution_type` via `SELECT *`.	unknown	Derived institution type used for reporting groups.	The selected representative row has no value; another grouped row may have one.
course_material_recent	view	51	is_required_inferred	boolean	course_material	Inherited `course_material.is_required_inferred` via `SELECT *`.	TRUE	Whether the material is treated as required after fallback.	Never NULL under the normalized row-flag contract; false means no grouped row qualifies.
course_material_recent	view	52	is_recent	boolean	course_material	Inherited `course_material.is_recent` via `SELECT *`.	TRUE	Whether the term belongs to the newest catalog window.	Never NULL; the view requires `is_recent` to be true.
course_material_recent	view	53	has_isbn	boolean	course_material	Inherited `course_material.has_isbn` via `SELECT *`.	TRUE	Whether the material has a non-NULL ISBN.	Never NULL; false identifies the NULL-ISBN audit group.
course_material_recent	view	54	has_formattype	boolean	course_material	Inherited `course_material.has_formattype` via `SELECT *`.	TRUE	Whether the material has a nonblank FormatType classification.	Never NULL under the normalized row-flag contract; false means no grouped row qualifies.
course_material_recent	view	55	has_enrollment	boolean	course_material	Inherited `course_material.has_enrollment` via `SELECT *`.	TRUE	Whether usable enrollment information is available.	Never NULL; false means neither section-canonical nor source-row evidence qualifies.
course_material_recent	view	56	has_enrollment_own_seats	boolean	course_material	Inherited `course_material.has_enrollment_own_seats` via `SELECT *`.	TRUE	Whether the section reports usable occupied seats.	Never NULL; false means neither section-canonical nor source-row evidence qualifies.
course_material_recent	view	57	no_details	boolean	course_material	Inherited `course_material.no_details` via `SELECT *`.	TRUE	Whether the title carries the no-details placeholder.	Never NULL under the normalized row-flag contract; false means no grouped row qualifies.
course_material_recent	view	58	no_materials	boolean	course_material	Inherited `course_material.no_materials` via `SELECT *`.	TRUE	Whether the row explicitly indicates no course materials.	Never NULL under the normalized row-flag contract; false means no grouped row qualifies.
course_material_recent	view	59	is_canada	boolean	course_material	Inherited `course_material.is_canada` via `SELECT *`.	TRUE	Whether the source row belongs to Canada.	Never NULL under the normalized row-flag contract; false means no grouped row qualifies.
course_material_recent	view	60	is_course_material_use	boolean	course_material	Inherited `course_material.is_course_material_use` via `SELECT *`.	TRUE	Whether the material belongs to the analysis population.	Never NULL; false means no grouped raw row is in Use.
course_material_recent	view	61	is_course_material_no_use	boolean	course_material	Inherited `course_material.is_course_material_no_use` via `SELECT *`.	TRUE	Whether the material belongs to the excluded population.	Never NULL; false includes outside-window groups and Use groups.
course_material_recent	view	62	has_enrollment_sibling	boolean	course_material	Inherited `course_material.has_enrollment_sibling` via `SELECT *`.	TRUE	Whether a sibling section reports enrollment.	Never NULL in the recent-period view; false means no qualifying section evidence.
course_material_recent	view	63	has_enrollment_sibling_seats	boolean	course_material	Inherited `course_material.has_enrollment_sibling_seats` via `SELECT *`.	TRUE	Whether a sibling section reports usable occupied seats.	Never NULL in the recent-period view; false means no qualifying section evidence.
course_material_recent	view	64	enrollment_assigned	integer	course_material	Inherited `course_material.enrollment_assigned` via `SELECT *`.	42	Best available section enrollment from the assignment ladder.	NULL outside the recent window or when no assignment rung succeeds.
course_material_recent	view	65	enrollment_source	varchar	course_material	Inherited `course_material.enrollment_source` via `SELECT *`.	own	Assignment-ladder rung that supplied the section enrollment.	Never NULL in the recent-period view; `none` means no assignment rung produced a value.
course_material_recent	view	66	is_required_direct	boolean	course_material	Inherited `course_material.is_required_direct` via `SELECT *`.	TRUE	Whether direct required evidence is present at the relation grain.	Never NULL under the normalized row-flag contract; false means no grouped row qualifies.
course_material_recent	view	67	is_optional_or_recommended_direct	boolean	course_material	Inherited `course_material.is_optional_or_recommended_direct` via `SELECT *`.	TRUE	Whether grouped rows include optional or recommended direct-status evidence.	Never NULL under the normalized row-flag contract; false means no grouped row qualifies.
course_material_recent	view	68	source_row_count	bigint	course_material	Inherited `course_material.source_row_count` via `SELECT *`.	42	Catalog rows collapsed into the canonical material item.	Never NULL or zero for a retained group.
course_material_recent	view	69	title_variant_count	bigint	course_material	Inherited `course_material.title_variant_count` via `SELECT *`.	42	Distinct title variants found within grouped catalog rows.	Never NULL; zero means no nonmissing value.
course_material_recent	view	70	author_variant_count	bigint	course_material	Inherited `course_material.author_variant_count` via `SELECT *`.	42	Distinct author variants found within grouped catalog rows.	Never NULL; zero means no nonmissing value.
course_material_recent	view	71	publisher_variant_count	bigint	course_material	Inherited `course_material.publisher_variant_count` via `SELECT *`.	42	Distinct publisher variants found within grouped catalog rows.	Never NULL; zero means no nonmissing value.
course_material_recent	view	72	imprint_variant_count	bigint	course_material	Inherited `course_material.imprint_variant_count` via `SELECT *`.	42	Distinct imprint variants found within grouped catalog rows.	Never NULL; zero means no nonmissing value.
course_material_recent	view	73	book_format_variant_count	bigint	course_material	Inherited `course_material.book_format_variant_count` via `SELECT *`.	42	Distinct book format variants found within grouped catalog rows.	Never NULL; zero means no nonmissing value.
course_material_recent	view	74	format_type_variant_count	bigint	course_material	Inherited `course_material.format_type_variant_count` via `SELECT *`.	42	Distinct FormatType variants found within grouped catalog rows.	Never NULL; zero means no nonmissing value.
course_material_recent	view	75	book_status_variant_count	bigint	course_material	Inherited `course_material.book_status_variant_count` via `SELECT *`.	42	Distinct book status variants found within grouped catalog rows.	Never NULL; zero means no nonmissing value.
course_material_recent	view	76	catalog_metadata_conflict	boolean	course_material	Inherited `course_material.catalog_metadata_conflict` via `SELECT *`.	TRUE	Flags conflicting bibliographic values among grouped catalog rows.	Never NULL; false means the named conflict was not detected.
course_material_recent	view	77	is_required_inferred_conflict	boolean	course_material	Inherited `course_material.is_required_inferred_conflict` via `SELECT *`.	TRUE	Whether grouped rows disagree on inferred-required status.	Never NULL; false means no detected within-group conflict.
course_material_recent	view	78	is_oer_conflict	boolean	course_material	Inherited `course_material.is_oer_conflict` via `SELECT *`.	TRUE	Whether grouped rows disagree on open-resource classification.	Never NULL; false means no detected within-group conflict.
course_material_recent	view	79	is_ia_conflict	boolean	course_material	Inherited `course_material.is_ia_conflict` via `SELECT *`.	TRUE	Whether grouped rows disagree on inclusive-access classification.	Never NULL; false means no detected within-group conflict.
course_material_recent	view	80	use_source_row_count	bigint	course_material	Inherited `course_material.use_source_row_count` via `SELECT *`.	42	Included catalog rows collapsed into the canonical item.	Never NULL; zero is possible for the filtered count.
course_material_recent	view	81	no_use_source_row_count	bigint	course_material	Inherited `course_material.no_use_source_row_count` via `SELECT *`.	42	Excluded catalog rows collapsed into the canonical item.	Never NULL; zero is possible for the filtered count.
course_material_recent	view	82	has_use_source_row	boolean	course_material	Inherited `course_material.has_use_source_row` via `SELECT *`.	TRUE	Whether grouped rows include retained-population evidence.	Never NULL under the normalized row-flag contract; false means no grouped row qualifies.
course_material_recent	view	83	has_no_use_source_row	boolean	course_material	Inherited `course_material.has_no_use_source_row` via `SELECT *`.	TRUE	Whether grouped rows include excluded-population evidence.	Never NULL under the normalized row-flag contract; false means no grouped row qualifies.
course_material_recent	view	84	population_classification_conflict	boolean	course_material	Inherited `course_material.population_classification_conflict` via `SELECT *`.	TRUE	Flags simultaneous Use and NoUse evidence within groups.	Never NULL; false means the named conflict was not detected.
course_material_recent	view	85	instructor_variant_count	bigint	course_material	Inherited `course_material.instructor_variant_count` via `SELECT *`.	42	Distinct instructor variants found within grouped catalog rows.	Never NULL; zero means no nonmissing value.
course_material_recent	view	86	email_variant_count	bigint	course_material	Inherited `course_material.email_variant_count` via `SELECT *`.	42	Distinct email variants found within grouped catalog rows.	Never NULL; zero means no nonmissing value.
course_material_recent	view	87	contact_metadata_conflict	boolean	course_material	Inherited `course_material.contact_metadata_conflict` via `SELECT *`.	TRUE	Flags conflicting instructor or email values within groups.	Never NULL; false means the named conflict was not detected.
course_material_recent	view	88	is_supply_conflict	boolean	course_material	Inherited `course_material.is_supply_conflict` via `SELECT *`.	TRUE	Whether grouped rows disagree on supply classification.	Never NULL; false means no detected within-group conflict.
course_material_recent	view	89	no_details_conflict	boolean	course_material	Inherited `course_material.no_details_conflict` via `SELECT *`.	TRUE	Flags disagreement about the no-details placeholder within groups.	Never NULL; false means no detected within-group conflict.
course_material_recent	view	90	no_materials_conflict	boolean	course_material	Inherited `course_material.no_materials_conflict` via `SELECT *`.	TRUE	Flags disagreement about no-materials evidence within groups.	Never NULL; false means no detected within-group conflict.
course_material_recent	view	91	is_canada_conflict	boolean	course_material	Inherited `course_material.is_canada_conflict` via `SELECT *`.	TRUE	Whether grouped rows disagree on Canadian classification.	Never NULL; false means no detected within-group conflict.
course_material_recent	view	92	is_null_isbn_audit	boolean	course_material	Inherited `course_material.is_null_isbn_audit` via `SELECT *`.	TRUE	Whether the row audits a NULL-ISBN source group.	Never NULL; false means the named evidence is absent.
course_material_recent	view	93	has_nonnull_isbn_in_section	boolean	course_material	Inherited `course_material.has_nonnull_isbn_in_section` via `SELECT *`.	TRUE	Whether the section contains another non-NULL ISBN.	Never NULL; false means the named evidence is absent.
course_material_recent	view	94	is_no_adoption_section	boolean	course_material	Inherited `course_material.is_no_adoption_section` via `SELECT *`.	TRUE	Whether the section has no non-NULL adopted ISBN.	Never NULL; false means the named evidence is absent.
course_material_recent	view	95	is_section_required_direct	boolean	course_material	Inherited `course_material.is_section_required_direct` via `SELECT *`.	TRUE	Whether the source section has direct required evidence.	Never NULL in the recent-period view; false means no qualifying section evidence.
course_material_recent	view	96	section_course_material_no_use_count	bigint	course_material	Inherited `course_material.section_course_material_no_use_count` via `SELECT *`.	42	Excluded canonical items counted for the source section.	Never NULL; false or zero means the named section evidence is absent.
course_material_recent	view	97	section_no_details_count	bigint	course_material	Inherited `course_material.section_no_details_count` via `SELECT *`.	42	No-details canonical items counted for the source section.	Never NULL; false or zero means the named section evidence is absent.
course_material_recent	view	98	section_no_materials_count	bigint	course_material	Inherited `course_material.section_no_materials_count` via `SELECT *`.	42	No-materials canonical items counted for the source section.	Never NULL; false or zero means the named section evidence is absent.
course_material_recent	view	99	is_section_canada	boolean	course_material	Inherited `course_material.is_section_canada` via `SELECT *`.	TRUE	Whether any canonical item marks the source section Canadian.	Never NULL; false or zero means the named section evidence is absent.
course_material_recent	view	100	is_section_supply	boolean	course_material	Inherited `course_material.is_section_supply` via `SELECT *`.	TRUE	Whether any canonical item marks the source section supply.	Never NULL; false or zero means the named section evidence is absent.
course_material_recent	view	101	section_supply_count	bigint	course_material	Inherited `course_material.section_supply_count` via `SELECT *`.	42	Supply canonical items counted for the source section.	Never NULL; false or zero means the named section evidence is absent.
course_material_use	view	1	isbn13	bigint	course_material_recent	Inherited `course_material_recent.isbn13` via `SELECT *`.	9780000000002	Book or material identifier used for cross-source matching.	Never NULL; every retained source Use row requires an ISBN.
course_material_use	view	2	book_title	varchar	course_material_recent	Inherited `course_material_recent.book_title` via `SELECT *`.	Introduction to Biology	Canonical title selected for the grouped ISBN.	The selected representative row has no value; another grouped row may have one.
course_material_use	view	3	author	varchar	course_material_recent	Inherited `course_material_recent.author` via `SELECT *`.	A. Example	Author credited for the adopted course material.	The selected representative row has no value; another grouped row may have one.
course_material_use	view	4	publisher	varchar	course_material_recent	Inherited `course_material_recent.publisher` via `SELECT *`.	Example Press	Publisher credited for the adopted course material.	The selected representative row has no value; another grouped row may have one.
course_material_use	view	5	imprint	varchar	course_material_recent	Inherited `course_material_recent.imprint` via `SELECT *`.	Example Academic	Publishing imprint named for the adopted material.	The selected representative row has no value; another grouped row may have one.
course_material_use	view	6	book_format	varchar	course_material_recent	Inherited `course_material_recent.book_format` via `SELECT *`.	physical	Physical or digital format of the material.	The selected representative row has no value; another grouped row may have one.
course_material_use	view	7	format_type	varchar	course_material_recent	Inherited `course_material_recent.format_type` via `SELECT *`.	Book	Catalog classification label for the material format.	The selected representative row has no value; another grouped row may have one.
course_material_use	view	8	book_status	varchar	course_material_recent	Inherited `course_material_recent.book_status` via `SELECT *`.	required	Adoption priority assigned to the course material.	The selected representative row has no value; another grouped row may have one.
course_material_use	view	9	isbn_book_title	varchar	course_material_recent	Inherited `course_material_recent.isbn_book_title` via `SELECT *`.	Introduction to Biology	Canonical title selected for the term-level ISBN.	No nonmissing metadata value for the term×ISBN.
course_material_use	view	10	isbn_author	varchar	course_material_recent	Inherited `course_material_recent.isbn_author` via `SELECT *`.	A. Example	Canonical author selected for the term-level ISBN.	No nonmissing metadata value for the term×ISBN.
course_material_use	view	11	isbn_publisher	varchar	course_material_recent	Inherited `course_material_recent.isbn_publisher` via `SELECT *`.	Example Press	Canonical publisher selected for the term-level ISBN.	No nonmissing metadata value for the term×ISBN.
course_material_use	view	12	isbn_title_variant_count	bigint	course_material_recent	Inherited `course_material_recent.isbn_title_variant_count` via `SELECT *`.	42	Distinct ISBN title variants found within grouped catalog rows.	Never NULL; zero means no nonmissing value.
course_material_use	view	13	isbn_author_variant_count	bigint	course_material_recent	Inherited `course_material_recent.isbn_author_variant_count` via `SELECT *`.	42	Distinct ISBN author variants found within grouped catalog rows.	Never NULL; zero means no nonmissing value.
course_material_use	view	14	isbn_publisher_variant_count	bigint	course_material_recent	Inherited `course_material_recent.isbn_publisher_variant_count` via `SELECT *`.	42	Distinct ISBN publisher variants found within grouped catalog rows.	Never NULL; zero means no nonmissing value.
course_material_use	view	15	unit_id	bigint	course_material_recent	Inherited `course_material_recent.unit_id` via `SELECT *`.	1001	IPEDS institution identifier used throughout the pipeline.	The selected representative row has no value; another grouped row may have one.
course_material_use	view	16	school	varchar	course_material_recent	Inherited `course_material_recent.school` via `SELECT *`.	Example University	Institution or school name attached to the course.	The selected representative row has no value; another grouped row may have one.
course_material_use	view	17	state	varchar	course_material_recent	Inherited `course_material_recent.state` via `SELECT *`.	CA	State or province code for the institution.	The selected representative row has no value; another grouped row may have one.
course_material_use	view	18	dept_code	varchar	course_material_recent	Inherited `course_material_recent.dept_code` via `SELECT *`.	BIO	Short code identifying the academic department.	The selected representative row has no value; another grouped row may have one.
course_material_use	view	19	department	varchar	course_material_recent	Inherited `course_material_recent.department` via `SELECT *`.	Biology	Academic department responsible for the course.	The selected representative row has no value; another grouped row may have one.
course_material_use	view	20	dept_description	varchar	course_material_recent	Inherited `course_material_recent.dept_description` via `SELECT *`.	Biology	Expanded description of the academic department.	The selected representative row has no value; another grouped row may have one.
course_material_use	view	21	course_number	varchar	course_material_recent	Inherited `course_material_recent.course_number` via `SELECT *`.	101	Catalog number identifying the course within its department.	The selected representative row has no value; another grouped row may have one.
course_material_use	view	22	section	varchar	course_material_recent	Inherited `course_material_recent.section` via `SELECT *`.	001	Source code distinguishing sections of the same course.	The selected representative row has no value; another grouped row may have one.
course_material_use	view	23	course_title	varchar	course_material_recent	Inherited `course_material_recent.course_title` via `SELECT *`.	Introduction to Biology	Official title assigned to the course.	The selected representative row has no value; another grouped row may have one.
course_material_use	view	24	course_level	varchar	course_material_recent	Inherited `course_material_recent.course_level` via `SELECT *`.	Introductory or general undergraduate	Instructional level assigned to the course.	Neither the section-canonical value nor representative source row has a value.
course_material_use	view	25	course_subject	varchar	course_material_recent	Inherited `course_material_recent.course_subject` via `SELECT *`.	BIO	Subject area assigned to the course.	The selected representative row has no value; another grouped row may have one.
course_material_use	view	26	period	varchar	course_material_recent	Inherited `course_material_recent.period` via `SELECT *`.	Fall 2025	Human-readable academic term label from the source.	The selected representative row has no value; another grouped row may have one.
course_material_use	view	27	enrollments	integer	course_material_recent	Inherited `course_material_recent.enrollments` via `SELECT *`.	42	Enrollment reported directly for the course section.	Neither the section-canonical value nor representative source row has a value.
course_material_use	view	28	seats_taken	integer	course_material_recent	Inherited `course_material_recent.seats_taken` via `SELECT *`.	42	Occupied seats reported for the course section.	Neither the section-canonical value nor representative source row has a value.
course_material_use	view	29	instructor	varchar	course_material_recent	Inherited `course_material_recent.instructor` via `SELECT *`.	A. Example	Instructor name attached to the course section.	The selected representative row has no value; another grouped row may have one.
course_material_use	view	30	first_name	varchar	course_material_recent	Inherited `course_material_recent.first_name` via `SELECT *`.	A. Example	Given name of the course instructor.	The selected representative row has no value; another grouped row may have one.
course_material_use	view	31	last_name	varchar	course_material_recent	Inherited `course_material_recent.last_name` via `SELECT *`.	A. Example	Family name of the course instructor.	The selected representative row has no value; another grouped row may have one.
course_material_use	view	32	email	varchar	course_material_recent	Inherited `course_material_recent.email` via `SELECT *`.	instructor@example.edu	Normalized instructor email used for contact and matching.	The selected representative row has no value; another grouped row may have one.
course_material_use	view	33	course_id	varchar	course_material_recent	Inherited `course_material_recent.course_id` via `SELECT *`.	1001::BIO::101	Stable identifier for the institution-level course offering.	Neither the section-canonical value nor representative source row has a value.
course_material_use	view	34	section_id	varchar	course_material_recent	Inherited `course_material_recent.section_id` via `SELECT *`.	1001::BIO::101::001::2025-4	Period-specific identifier for the distinct section offering.	ISBN is NULL only on audit groups; section and sortable-period keys are required.
course_material_use	view	35	period_sortable	varchar	course_material_recent	Inherited `course_material_recent.period_sortable` via `SELECT *`.	2025-4	Sortable academic term code used for chronological ordering.	ISBN is NULL only on audit groups; section and sortable-period keys are required.
course_material_use	view	36	period_date	date	course_material_recent	Inherited `course_material_recent.period_date` via `SELECT *`.	2025-10-01	Canonical starting date assigned to the academic term.	The selected representative row has no value; another grouped row may have one.
course_material_use	view	37	is_oer	boolean	course_material_recent	Inherited `course_material_recent.is_oer` via `SELECT *`.	TRUE	Whether the material is an open educational resource.	Never NULL under the normalized row-flag contract; false means no grouped row qualifies.
course_material_use	view	38	oer_category	varchar	course_material_recent	Inherited `course_material_recent.oer_category` via `SELECT *`.	unknown	Open-resource category assigned to the material format.	The selected representative row has no value; another grouped row may have one.
course_material_use	view	39	is_ia	boolean	course_material_recent	Inherited `course_material_recent.is_ia` via `SELECT *`.	TRUE	Whether the material uses inclusive access.	Never NULL under the normalized row-flag contract; false means no grouped row qualifies.
course_material_use	view	40	ia_category	varchar	course_material_recent	Inherited `course_material_recent.ia_category` via `SELECT *`.	unknown	Inclusive-access category assigned to the material format.	The selected representative row has no value; another grouped row may have one.
course_material_use	view	41	is_supply	boolean	course_material_recent	Inherited `course_material_recent.is_supply` via `SELECT *`.	TRUE	Whether the material is classified as a course supply.	Never NULL under the normalized row-flag contract; false means no grouped row qualifies.
course_material_use	view	42	supply_category	varchar	course_material_recent	Inherited `course_material_recent.supply_category` via `SELECT *`.	science_lab	Supply classification assigned from matched title keywords.	The selected representative row has no value; another grouped row may have one.
course_material_use	view	43	institution_name	varchar	course_material_recent	Inherited `course_material_recent.institution_name` via `SELECT *`.	Example University	Canonical institution name supplied by IPEDS.	The selected representative row has no value; another grouped row may have one.
course_material_use	view	44	sector	varchar	course_material_recent	Inherited `course_material_recent.sector` via `SELECT *`.	unknown	IPEDS sector classification for the institution.	Neither the section-canonical value nor representative source row has a value.
course_material_use	view	45	level	varchar	course_material_recent	Inherited `course_material_recent.level` via `SELECT *`.	unknown	IPEDS award-level classification for the institution.	Neither the section-canonical value nor representative source row has a value.
course_material_use	view	46	control	varchar	course_material_recent	Inherited `course_material_recent.control` via `SELECT *`.	unknown	Institution ownership and governance classification used for reporting.	Neither the section-canonical value nor representative source row has a value.
course_material_use	view	47	size	varchar	course_material_recent	Inherited `course_material_recent.size` via `SELECT *`.	unknown	IPEDS institutional enrollment-size classification used for reporting.	The selected representative row has no value; another grouped row may have one.
course_material_use	view	48	enrollment_2024	integer	course_material_recent	Inherited `course_material_recent.enrollment_2024` via `SELECT *`.	42	Total institutional enrollment reported to IPEDS for 2024.	The selected representative row has no value; another grouped row may have one.
course_material_use	view	49	distance_enrollment_2024	integer	course_material_recent	Inherited `course_material_recent.distance_enrollment_2024` via `SELECT *`.	42	IPEDS 2024 students enrolled in distance education.	The selected representative row has no value; another grouped row may have one.
course_material_use	view	50	institution_type	varchar	course_material_recent	Inherited `course_material_recent.institution_type` via `SELECT *`.	unknown	Derived institution type used for reporting groups.	The selected representative row has no value; another grouped row may have one.
course_material_use	view	51	is_required_inferred	boolean	course_material_recent	Inherited `course_material_recent.is_required_inferred` via `SELECT *`.	TRUE	Whether the material is treated as required after fallback.	Never NULL under the normalized row-flag contract; false means no grouped row qualifies.
course_material_use	view	52	is_recent	boolean	course_material_recent	Inherited `course_material_recent.is_recent` via `SELECT *`.	TRUE	Whether the term belongs to the newest catalog window.	Never NULL; inherited from the recent-period view.
course_material_use	view	53	has_isbn	boolean	course_material_recent	Inherited `course_material_recent.has_isbn` via `SELECT *`.	TRUE	Whether the material has a non-NULL ISBN.	Never NULL; every retained source Use row requires an ISBN.
course_material_use	view	54	has_formattype	boolean	course_material_recent	Inherited `course_material_recent.has_formattype` via `SELECT *`.	TRUE	Whether the material has a nonblank FormatType classification.	Never NULL under the normalized row-flag contract; false means no grouped row qualifies.
course_material_use	view	55	has_enrollment	boolean	course_material_recent	Inherited `course_material_recent.has_enrollment` via `SELECT *`.	TRUE	Whether usable enrollment information is available.	Never NULL; false means neither section-canonical nor source-row evidence qualifies.
course_material_use	view	56	has_enrollment_own_seats	boolean	course_material_recent	Inherited `course_material_recent.has_enrollment_own_seats` via `SELECT *`.	TRUE	Whether the section reports usable occupied seats.	Never NULL; false means neither section-canonical nor source-row evidence qualifies.
course_material_use	view	57	no_details	boolean	course_material_recent	Inherited `course_material_recent.no_details` via `SELECT *`.	TRUE	Whether the title carries the no-details placeholder.	Never NULL under the normalized row-flag contract; false means no grouped row qualifies.
course_material_use	view	58	no_materials	boolean	course_material_recent	Inherited `course_material_recent.no_materials` via `SELECT *`.	TRUE	Whether the row explicitly indicates no course materials.	Never NULL under the normalized row-flag contract; false means no grouped row qualifies.
course_material_use	view	59	is_canada	boolean	course_material_recent	Inherited `course_material_recent.is_canada` via `SELECT *`.	TRUE	Whether the source row belongs to Canada.	Never NULL under the normalized row-flag contract; false means no grouped row qualifies.
course_material_use	view	60	is_course_material_use	boolean	course_material_recent	Inherited `course_material_recent.is_course_material_use` via `SELECT *`.	TRUE	Whether the material belongs to the analysis population.	Never NULL; required by the view filter.
course_material_use	view	61	is_course_material_no_use	boolean	course_material_recent	Inherited `course_material_recent.is_course_material_no_use` via `SELECT *`.	FALSE	Whether the material belongs to the excluded population.	Never NULL; NoUse is recomputed as recent AND NOT grouped Use evidence.
course_material_use	view	62	has_enrollment_sibling	boolean	course_material_recent	Inherited `course_material_recent.has_enrollment_sibling` via `SELECT *`.	TRUE	Whether a sibling section reports enrollment.	Never NULL in the recent-period view; false means no qualifying section evidence.
course_material_use	view	63	has_enrollment_sibling_seats	boolean	course_material_recent	Inherited `course_material_recent.has_enrollment_sibling_seats` via `SELECT *`.	TRUE	Whether a sibling section reports usable occupied seats.	Never NULL in the recent-period view; false means no qualifying section evidence.
course_material_use	view	64	enrollment_assigned	integer	course_material_recent	Inherited `course_material_recent.enrollment_assigned` via `SELECT *`.	42	Best available section enrollment from the assignment ladder.	NULL outside the recent window or when no assignment rung succeeds.
course_material_use	view	65	enrollment_source	varchar	course_material_recent	Inherited `course_material_recent.enrollment_source` via `SELECT *`.	own	Assignment-ladder rung that supplied the section enrollment.	Never NULL in the recent-period view; `none` means no assignment rung produced a value.
course_material_use	view	66	is_required_direct	boolean	course_material_recent	Inherited `course_material_recent.is_required_direct` via `SELECT *`.	TRUE	Whether direct required evidence is present at the relation grain.	Never NULL under the normalized row-flag contract; false means no grouped row qualifies.
course_material_use	view	67	is_optional_or_recommended_direct	boolean	course_material_recent	Inherited `course_material_recent.is_optional_or_recommended_direct` via `SELECT *`.	TRUE	Whether grouped rows include optional or recommended direct-status evidence.	Never NULL under the normalized row-flag contract; false means no grouped row qualifies.
course_material_use	view	68	source_row_count	bigint	course_material_recent	Inherited `course_material_recent.source_row_count` via `SELECT *`.	42	Catalog rows collapsed into the canonical material item.	Never NULL or zero for a retained group.
course_material_use	view	69	title_variant_count	bigint	course_material_recent	Inherited `course_material_recent.title_variant_count` via `SELECT *`.	42	Distinct title variants found within grouped catalog rows.	Never NULL; zero means no nonmissing value.
course_material_use	view	70	author_variant_count	bigint	course_material_recent	Inherited `course_material_recent.author_variant_count` via `SELECT *`.	42	Distinct author variants found within grouped catalog rows.	Never NULL; zero means no nonmissing value.
course_material_use	view	71	publisher_variant_count	bigint	course_material_recent	Inherited `course_material_recent.publisher_variant_count` via `SELECT *`.	42	Distinct publisher variants found within grouped catalog rows.	Never NULL; zero means no nonmissing value.
course_material_use	view	72	imprint_variant_count	bigint	course_material_recent	Inherited `course_material_recent.imprint_variant_count` via `SELECT *`.	42	Distinct imprint variants found within grouped catalog rows.	Never NULL; zero means no nonmissing value.
course_material_use	view	73	book_format_variant_count	bigint	course_material_recent	Inherited `course_material_recent.book_format_variant_count` via `SELECT *`.	42	Distinct book format variants found within grouped catalog rows.	Never NULL; zero means no nonmissing value.
course_material_use	view	74	format_type_variant_count	bigint	course_material_recent	Inherited `course_material_recent.format_type_variant_count` via `SELECT *`.	42	Distinct FormatType variants found within grouped catalog rows.	Never NULL; zero means no nonmissing value.
course_material_use	view	75	book_status_variant_count	bigint	course_material_recent	Inherited `course_material_recent.book_status_variant_count` via `SELECT *`.	42	Distinct book status variants found within grouped catalog rows.	Never NULL; zero means no nonmissing value.
course_material_use	view	76	catalog_metadata_conflict	boolean	course_material_recent	Inherited `course_material_recent.catalog_metadata_conflict` via `SELECT *`.	TRUE	Flags conflicting bibliographic values among grouped catalog rows.	Never NULL; false means the named conflict was not detected.
course_material_use	view	77	is_required_inferred_conflict	boolean	course_material_recent	Inherited `course_material_recent.is_required_inferred_conflict` via `SELECT *`.	TRUE	Whether grouped rows disagree on inferred-required status.	Never NULL; false means no detected within-group conflict.
course_material_use	view	78	is_oer_conflict	boolean	course_material_recent	Inherited `course_material_recent.is_oer_conflict` via `SELECT *`.	TRUE	Whether grouped rows disagree on open-resource classification.	Never NULL; false means no detected within-group conflict.
course_material_use	view	79	is_ia_conflict	boolean	course_material_recent	Inherited `course_material_recent.is_ia_conflict` via `SELECT *`.	TRUE	Whether grouped rows disagree on inclusive-access classification.	Never NULL; false means no detected within-group conflict.
course_material_use	view	80	use_source_row_count	bigint	course_material_recent	Inherited `course_material_recent.use_source_row_count` via `SELECT *`.	42	Included catalog rows collapsed into the canonical item.	Never NULL; zero is possible for the filtered count.
course_material_use	view	81	no_use_source_row_count	bigint	course_material_recent	Inherited `course_material_recent.no_use_source_row_count` via `SELECT *`.	42	Excluded catalog rows collapsed into the canonical item.	Never NULL; zero is possible for the filtered count.
course_material_use	view	82	has_use_source_row	boolean	course_material_recent	Inherited `course_material_recent.has_use_source_row` via `SELECT *`.	TRUE	Whether grouped rows include retained-population evidence.	Never NULL; the view retains groups with source Use evidence.
course_material_use	view	83	has_no_use_source_row	boolean	course_material_recent	Inherited `course_material_recent.has_no_use_source_row` via `SELECT *`.	TRUE	Whether grouped rows include excluded-population evidence.	Never NULL under the normalized row-flag contract; false means no grouped row qualifies.
course_material_use	view	84	population_classification_conflict	boolean	course_material_recent	Inherited `course_material_recent.population_classification_conflict` via `SELECT *`.	TRUE	Flags simultaneous Use and NoUse evidence within groups.	Never NULL; false means the named conflict was not detected.
course_material_use	view	85	instructor_variant_count	bigint	course_material_recent	Inherited `course_material_recent.instructor_variant_count` via `SELECT *`.	42	Distinct instructor variants found within grouped catalog rows.	Never NULL; zero means no nonmissing value.
course_material_use	view	86	email_variant_count	bigint	course_material_recent	Inherited `course_material_recent.email_variant_count` via `SELECT *`.	42	Distinct email variants found within grouped catalog rows.	Never NULL; zero means no nonmissing value.
course_material_use	view	87	contact_metadata_conflict	boolean	course_material_recent	Inherited `course_material_recent.contact_metadata_conflict` via `SELECT *`.	TRUE	Flags conflicting instructor or email values within groups.	Never NULL; false means the named conflict was not detected.
course_material_use	view	88	is_supply_conflict	boolean	course_material_recent	Inherited `course_material_recent.is_supply_conflict` via `SELECT *`.	TRUE	Whether grouped rows disagree on supply classification.	Never NULL; false means no detected within-group conflict.
course_material_use	view	89	no_details_conflict	boolean	course_material_recent	Inherited `course_material_recent.no_details_conflict` via `SELECT *`.	TRUE	Flags disagreement about the no-details placeholder within groups.	Never NULL; false means no detected within-group conflict.
course_material_use	view	90	no_materials_conflict	boolean	course_material_recent	Inherited `course_material_recent.no_materials_conflict` via `SELECT *`.	TRUE	Flags disagreement about no-materials evidence within groups.	Never NULL; false means no detected within-group conflict.
course_material_use	view	91	is_canada_conflict	boolean	course_material_recent	Inherited `course_material_recent.is_canada_conflict` via `SELECT *`.	TRUE	Whether grouped rows disagree on Canadian classification.	Never NULL; false means no detected within-group conflict.
course_material_use	view	92	is_null_isbn_audit	boolean	course_material_recent	Inherited `course_material_recent.is_null_isbn_audit` via `SELECT *`.	TRUE	Whether the row audits a NULL-ISBN source group.	Never NULL; false means the named evidence is absent.
course_material_use	view	93	has_nonnull_isbn_in_section	boolean	course_material_recent	Inherited `course_material_recent.has_nonnull_isbn_in_section` via `SELECT *`.	TRUE	Whether the section contains another non-NULL ISBN.	Never NULL; false means the named evidence is absent.
course_material_use	view	94	is_no_adoption_section	boolean	course_material_recent	Inherited `course_material_recent.is_no_adoption_section` via `SELECT *`.	TRUE	Whether the section has no non-NULL adopted ISBN.	Never NULL; false means the named evidence is absent.
course_material_use	view	95	is_section_required_direct	boolean	course_material_recent	Inherited `course_material_recent.is_section_required_direct` via `SELECT *`.	TRUE	Whether the source section has direct required evidence.	Never NULL in the recent-period view; false means no qualifying section evidence.
course_material_use	view	96	section_course_material_no_use_count	bigint	course_material_recent	Inherited `course_material_recent.section_course_material_no_use_count` via `SELECT *`.	42	Excluded canonical items counted for the source section.	Never NULL; false or zero means the named section evidence is absent.
course_material_use	view	97	section_no_details_count	bigint	course_material_recent	Inherited `course_material_recent.section_no_details_count` via `SELECT *`.	42	No-details canonical items counted for the source section.	Never NULL; false or zero means the named section evidence is absent.
course_material_use	view	98	section_no_materials_count	bigint	course_material_recent	Inherited `course_material_recent.section_no_materials_count` via `SELECT *`.	42	No-materials canonical items counted for the source section.	Never NULL; false or zero means the named section evidence is absent.
course_material_use	view	99	is_section_canada	boolean	course_material_recent	Inherited `course_material_recent.is_section_canada` via `SELECT *`.	TRUE	Whether any canonical item marks the source section Canadian.	Never NULL; false or zero means the named section evidence is absent.
course_material_use	view	100	is_section_supply	boolean	course_material_recent	Inherited `course_material_recent.is_section_supply` via `SELECT *`.	TRUE	Whether any canonical item marks the source section supply.	Never NULL; false or zero means the named section evidence is absent.
course_material_use	view	101	section_supply_count	bigint	course_material_recent	Inherited `course_material_recent.section_supply_count` via `SELECT *`.	42	Supply canonical items counted for the source section.	Never NULL; false or zero means the named section evidence is absent.
course_material_no_use	view	1	isbn13	bigint	course_material_recent	Inherited `course_material_recent.isbn13` via `SELECT *`.	9780000000002	Book or material identifier used for cross-source matching.	ISBN is NULL only on audit groups; section and sortable-period keys are required.
course_material_no_use	view	2	book_title	varchar	course_material_recent	Inherited `course_material_recent.book_title` via `SELECT *`.	Introduction to Biology	Canonical title selected for the grouped ISBN.	The selected representative row has no value; another grouped row may have one.
course_material_no_use	view	3	author	varchar	course_material_recent	Inherited `course_material_recent.author` via `SELECT *`.	A. Example	Author credited for the adopted course material.	The selected representative row has no value; another grouped row may have one.
course_material_no_use	view	4	publisher	varchar	course_material_recent	Inherited `course_material_recent.publisher` via `SELECT *`.	Example Press	Publisher credited for the adopted course material.	The selected representative row has no value; another grouped row may have one.
course_material_no_use	view	5	imprint	varchar	course_material_recent	Inherited `course_material_recent.imprint` via `SELECT *`.	Example Academic	Publishing imprint named for the adopted material.	The selected representative row has no value; another grouped row may have one.
course_material_no_use	view	6	book_format	varchar	course_material_recent	Inherited `course_material_recent.book_format` via `SELECT *`.	physical	Physical or digital format of the material.	The selected representative row has no value; another grouped row may have one.
course_material_no_use	view	7	format_type	varchar	course_material_recent	Inherited `course_material_recent.format_type` via `SELECT *`.	Book	Catalog classification label for the material format.	The selected representative row has no value; another grouped row may have one.
course_material_no_use	view	8	book_status	varchar	course_material_recent	Inherited `course_material_recent.book_status` via `SELECT *`.	required	Adoption priority assigned to the course material.	The selected representative row has no value; another grouped row may have one.
course_material_no_use	view	9	isbn_book_title	varchar	course_material_recent	Inherited `course_material_recent.isbn_book_title` via `SELECT *`.	Introduction to Biology	Canonical title selected for the term-level ISBN.	No nonmissing metadata value for the term×ISBN.
course_material_no_use	view	10	isbn_author	varchar	course_material_recent	Inherited `course_material_recent.isbn_author` via `SELECT *`.	A. Example	Canonical author selected for the term-level ISBN.	No nonmissing metadata value for the term×ISBN.
course_material_no_use	view	11	isbn_publisher	varchar	course_material_recent	Inherited `course_material_recent.isbn_publisher` via `SELECT *`.	Example Press	Canonical publisher selected for the term-level ISBN.	No nonmissing metadata value for the term×ISBN.
course_material_no_use	view	12	isbn_title_variant_count	bigint	course_material_recent	Inherited `course_material_recent.isbn_title_variant_count` via `SELECT *`.	42	Distinct ISBN title variants found within grouped catalog rows.	Never NULL; zero means no nonmissing value.
course_material_no_use	view	13	isbn_author_variant_count	bigint	course_material_recent	Inherited `course_material_recent.isbn_author_variant_count` via `SELECT *`.	42	Distinct ISBN author variants found within grouped catalog rows.	Never NULL; zero means no nonmissing value.
course_material_no_use	view	14	isbn_publisher_variant_count	bigint	course_material_recent	Inherited `course_material_recent.isbn_publisher_variant_count` via `SELECT *`.	42	Distinct ISBN publisher variants found within grouped catalog rows.	Never NULL; zero means no nonmissing value.
course_material_no_use	view	15	unit_id	bigint	course_material_recent	Inherited `course_material_recent.unit_id` via `SELECT *`.	1001	IPEDS institution identifier used throughout the pipeline.	The selected representative row has no value; another grouped row may have one.
course_material_no_use	view	16	school	varchar	course_material_recent	Inherited `course_material_recent.school` via `SELECT *`.	Example University	Institution or school name attached to the course.	The selected representative row has no value; another grouped row may have one.
course_material_no_use	view	17	state	varchar	course_material_recent	Inherited `course_material_recent.state` via `SELECT *`.	CA	State or province code for the institution.	The selected representative row has no value; another grouped row may have one.
course_material_no_use	view	18	dept_code	varchar	course_material_recent	Inherited `course_material_recent.dept_code` via `SELECT *`.	BIO	Short code identifying the academic department.	The selected representative row has no value; another grouped row may have one.
course_material_no_use	view	19	department	varchar	course_material_recent	Inherited `course_material_recent.department` via `SELECT *`.	Biology	Academic department responsible for the course.	The selected representative row has no value; another grouped row may have one.
course_material_no_use	view	20	dept_description	varchar	course_material_recent	Inherited `course_material_recent.dept_description` via `SELECT *`.	Biology	Expanded description of the academic department.	The selected representative row has no value; another grouped row may have one.
course_material_no_use	view	21	course_number	varchar	course_material_recent	Inherited `course_material_recent.course_number` via `SELECT *`.	101	Catalog number identifying the course within its department.	The selected representative row has no value; another grouped row may have one.
course_material_no_use	view	22	section	varchar	course_material_recent	Inherited `course_material_recent.section` via `SELECT *`.	001	Source code distinguishing sections of the same course.	The selected representative row has no value; another grouped row may have one.
course_material_no_use	view	23	course_title	varchar	course_material_recent	Inherited `course_material_recent.course_title` via `SELECT *`.	Introduction to Biology	Official title assigned to the course.	The selected representative row has no value; another grouped row may have one.
course_material_no_use	view	24	course_level	varchar	course_material_recent	Inherited `course_material_recent.course_level` via `SELECT *`.	Introductory or general undergraduate	Instructional level assigned to the course.	Neither the section-canonical value nor representative source row has a value.
course_material_no_use	view	25	course_subject	varchar	course_material_recent	Inherited `course_material_recent.course_subject` via `SELECT *`.	BIO	Subject area assigned to the course.	The selected representative row has no value; another grouped row may have one.
course_material_no_use	view	26	period	varchar	course_material_recent	Inherited `course_material_recent.period` via `SELECT *`.	Fall 2025	Human-readable academic term label from the source.	The selected representative row has no value; another grouped row may have one.
course_material_no_use	view	27	enrollments	integer	course_material_recent	Inherited `course_material_recent.enrollments` via `SELECT *`.	42	Enrollment reported directly for the course section.	Neither the section-canonical value nor representative source row has a value.
course_material_no_use	view	28	seats_taken	integer	course_material_recent	Inherited `course_material_recent.seats_taken` via `SELECT *`.	42	Occupied seats reported for the course section.	Neither the section-canonical value nor representative source row has a value.
course_material_no_use	view	29	instructor	varchar	course_material_recent	Inherited `course_material_recent.instructor` via `SELECT *`.	A. Example	Instructor name attached to the course section.	The selected representative row has no value; another grouped row may have one.
course_material_no_use	view	30	first_name	varchar	course_material_recent	Inherited `course_material_recent.first_name` via `SELECT *`.	A. Example	Given name of the course instructor.	The selected representative row has no value; another grouped row may have one.
course_material_no_use	view	31	last_name	varchar	course_material_recent	Inherited `course_material_recent.last_name` via `SELECT *`.	A. Example	Family name of the course instructor.	The selected representative row has no value; another grouped row may have one.
course_material_no_use	view	32	email	varchar	course_material_recent	Inherited `course_material_recent.email` via `SELECT *`.	instructor@example.edu	Normalized instructor email used for contact and matching.	The selected representative row has no value; another grouped row may have one.
course_material_no_use	view	33	course_id	varchar	course_material_recent	Inherited `course_material_recent.course_id` via `SELECT *`.	1001::BIO::101	Stable identifier for the institution-level course offering.	Neither the section-canonical value nor representative source row has a value.
course_material_no_use	view	34	section_id	varchar	course_material_recent	Inherited `course_material_recent.section_id` via `SELECT *`.	1001::BIO::101::001::2025-4	Period-specific identifier for the distinct section offering.	ISBN is NULL only on audit groups; section and sortable-period keys are required.
course_material_no_use	view	35	period_sortable	varchar	course_material_recent	Inherited `course_material_recent.period_sortable` via `SELECT *`.	2025-4	Sortable academic term code used for chronological ordering.	ISBN is NULL only on audit groups; section and sortable-period keys are required.
course_material_no_use	view	36	period_date	date	course_material_recent	Inherited `course_material_recent.period_date` via `SELECT *`.	2025-10-01	Canonical starting date assigned to the academic term.	The selected representative row has no value; another grouped row may have one.
course_material_no_use	view	37	is_oer	boolean	course_material_recent	Inherited `course_material_recent.is_oer` via `SELECT *`.	TRUE	Whether the material is an open educational resource.	Never NULL under the normalized row-flag contract; false means no grouped row qualifies.
course_material_no_use	view	38	oer_category	varchar	course_material_recent	Inherited `course_material_recent.oer_category` via `SELECT *`.	unknown	Open-resource category assigned to the material format.	The selected representative row has no value; another grouped row may have one.
course_material_no_use	view	39	is_ia	boolean	course_material_recent	Inherited `course_material_recent.is_ia` via `SELECT *`.	TRUE	Whether the material uses inclusive access.	Never NULL under the normalized row-flag contract; false means no grouped row qualifies.
course_material_no_use	view	40	ia_category	varchar	course_material_recent	Inherited `course_material_recent.ia_category` via `SELECT *`.	unknown	Inclusive-access category assigned to the material format.	The selected representative row has no value; another grouped row may have one.
course_material_no_use	view	41	is_supply	boolean	course_material_recent	Inherited `course_material_recent.is_supply` via `SELECT *`.	TRUE	Whether the material is classified as a course supply.	Never NULL under the normalized row-flag contract; false means no grouped row qualifies.
course_material_no_use	view	42	supply_category	varchar	course_material_recent	Inherited `course_material_recent.supply_category` via `SELECT *`.	science_lab	Supply classification assigned from matched title keywords.	The selected representative row has no value; another grouped row may have one.
course_material_no_use	view	43	institution_name	varchar	course_material_recent	Inherited `course_material_recent.institution_name` via `SELECT *`.	Example University	Canonical institution name supplied by IPEDS.	The selected representative row has no value; another grouped row may have one.
course_material_no_use	view	44	sector	varchar	course_material_recent	Inherited `course_material_recent.sector` via `SELECT *`.	unknown	IPEDS sector classification for the institution.	Neither the section-canonical value nor representative source row has a value.
course_material_no_use	view	45	level	varchar	course_material_recent	Inherited `course_material_recent.level` via `SELECT *`.	unknown	IPEDS award-level classification for the institution.	Neither the section-canonical value nor representative source row has a value.
course_material_no_use	view	46	control	varchar	course_material_recent	Inherited `course_material_recent.control` via `SELECT *`.	unknown	Institution ownership and governance classification used for reporting.	Neither the section-canonical value nor representative source row has a value.
course_material_no_use	view	47	size	varchar	course_material_recent	Inherited `course_material_recent.size` via `SELECT *`.	unknown	IPEDS institutional enrollment-size classification used for reporting.	The selected representative row has no value; another grouped row may have one.
course_material_no_use	view	48	enrollment_2024	integer	course_material_recent	Inherited `course_material_recent.enrollment_2024` via `SELECT *`.	42	Total institutional enrollment reported to IPEDS for 2024.	The selected representative row has no value; another grouped row may have one.
course_material_no_use	view	49	distance_enrollment_2024	integer	course_material_recent	Inherited `course_material_recent.distance_enrollment_2024` via `SELECT *`.	42	IPEDS 2024 students enrolled in distance education.	The selected representative row has no value; another grouped row may have one.
course_material_no_use	view	50	institution_type	varchar	course_material_recent	Inherited `course_material_recent.institution_type` via `SELECT *`.	unknown	Derived institution type used for reporting groups.	The selected representative row has no value; another grouped row may have one.
course_material_no_use	view	51	is_required_inferred	boolean	course_material_recent	Inherited `course_material_recent.is_required_inferred` via `SELECT *`.	TRUE	Whether the material is treated as required after fallback.	Never NULL under the normalized row-flag contract; false means no grouped row qualifies.
course_material_no_use	view	52	is_recent	boolean	course_material_recent	Inherited `course_material_recent.is_recent` via `SELECT *`.	TRUE	Whether the term belongs to the newest catalog window.	Never NULL; inherited from the recent-period view.
course_material_no_use	view	53	has_isbn	boolean	course_material_recent	Inherited `course_material_recent.has_isbn` via `SELECT *`.	TRUE	Whether the material has a non-NULL ISBN.	Never NULL; false identifies the NULL-ISBN audit group.
course_material_no_use	view	54	has_formattype	boolean	course_material_recent	Inherited `course_material_recent.has_formattype` via `SELECT *`.	TRUE	Whether the material has a nonblank FormatType classification.	Never NULL under the normalized row-flag contract; false means no grouped row qualifies.
course_material_no_use	view	55	has_enrollment	boolean	course_material_recent	Inherited `course_material_recent.has_enrollment` via `SELECT *`.	TRUE	Whether usable enrollment information is available.	Never NULL; false means neither section-canonical nor source-row evidence qualifies.
course_material_no_use	view	56	has_enrollment_own_seats	boolean	course_material_recent	Inherited `course_material_recent.has_enrollment_own_seats` via `SELECT *`.	TRUE	Whether the section reports usable occupied seats.	Never NULL; false means neither section-canonical nor source-row evidence qualifies.
course_material_no_use	view	57	no_details	boolean	course_material_recent	Inherited `course_material_recent.no_details` via `SELECT *`.	TRUE	Whether the title carries the no-details placeholder.	Never NULL under the normalized row-flag contract; false means no grouped row qualifies.
course_material_no_use	view	58	no_materials	boolean	course_material_recent	Inherited `course_material_recent.no_materials` via `SELECT *`.	TRUE	Whether the row explicitly indicates no course materials.	Never NULL under the normalized row-flag contract; false means no grouped row qualifies.
course_material_no_use	view	59	is_canada	boolean	course_material_recent	Inherited `course_material_recent.is_canada` via `SELECT *`.	TRUE	Whether the source row belongs to Canada.	Never NULL under the normalized row-flag contract; false means no grouped row qualifies.
course_material_no_use	view	60	is_course_material_use	boolean	course_material_recent	Inherited `course_material_recent.is_course_material_use` via `SELECT *`.	FALSE	Whether the material belongs to the analysis population.	Never NULL; no grouped source row qualifies for Use.
course_material_no_use	view	61	is_course_material_no_use	boolean	course_material_recent	Inherited `course_material_recent.is_course_material_no_use` via `SELECT *`.	TRUE	Whether the material belongs to the excluded population.	Never NULL; required by the view filter.
course_material_no_use	view	62	has_enrollment_sibling	boolean	course_material_recent	Inherited `course_material_recent.has_enrollment_sibling` via `SELECT *`.	TRUE	Whether a sibling section reports enrollment.	Never NULL in the recent-period view; false means no qualifying section evidence.
course_material_no_use	view	63	has_enrollment_sibling_seats	boolean	course_material_recent	Inherited `course_material_recent.has_enrollment_sibling_seats` via `SELECT *`.	TRUE	Whether a sibling section reports usable occupied seats.	Never NULL in the recent-period view; false means no qualifying section evidence.
course_material_no_use	view	64	enrollment_assigned	integer	course_material_recent	Inherited `course_material_recent.enrollment_assigned` via `SELECT *`.	42	Best available section enrollment from the assignment ladder.	NULL outside the recent window or when no assignment rung succeeds.
course_material_no_use	view	65	enrollment_source	varchar	course_material_recent	Inherited `course_material_recent.enrollment_source` via `SELECT *`.	own	Assignment-ladder rung that supplied the section enrollment.	Never NULL in the recent-period view; `none` means no assignment rung produced a value.
course_material_no_use	view	66	is_required_direct	boolean	course_material_recent	Inherited `course_material_recent.is_required_direct` via `SELECT *`.	TRUE	Whether direct required evidence is present at the relation grain.	Never NULL under the normalized row-flag contract; false means no grouped row qualifies.
course_material_no_use	view	67	is_optional_or_recommended_direct	boolean	course_material_recent	Inherited `course_material_recent.is_optional_or_recommended_direct` via `SELECT *`.	TRUE	Whether grouped rows include optional or recommended direct-status evidence.	Never NULL under the normalized row-flag contract; false means no grouped row qualifies.
course_material_no_use	view	68	source_row_count	bigint	course_material_recent	Inherited `course_material_recent.source_row_count` via `SELECT *`.	42	Catalog rows collapsed into the canonical material item.	Never NULL or zero for a retained group.
course_material_no_use	view	69	title_variant_count	bigint	course_material_recent	Inherited `course_material_recent.title_variant_count` via `SELECT *`.	42	Distinct title variants found within grouped catalog rows.	Never NULL; zero means no nonmissing value.
course_material_no_use	view	70	author_variant_count	bigint	course_material_recent	Inherited `course_material_recent.author_variant_count` via `SELECT *`.	42	Distinct author variants found within grouped catalog rows.	Never NULL; zero means no nonmissing value.
course_material_no_use	view	71	publisher_variant_count	bigint	course_material_recent	Inherited `course_material_recent.publisher_variant_count` via `SELECT *`.	42	Distinct publisher variants found within grouped catalog rows.	Never NULL; zero means no nonmissing value.
course_material_no_use	view	72	imprint_variant_count	bigint	course_material_recent	Inherited `course_material_recent.imprint_variant_count` via `SELECT *`.	42	Distinct imprint variants found within grouped catalog rows.	Never NULL; zero means no nonmissing value.
course_material_no_use	view	73	book_format_variant_count	bigint	course_material_recent	Inherited `course_material_recent.book_format_variant_count` via `SELECT *`.	42	Distinct book format variants found within grouped catalog rows.	Never NULL; zero means no nonmissing value.
course_material_no_use	view	74	format_type_variant_count	bigint	course_material_recent	Inherited `course_material_recent.format_type_variant_count` via `SELECT *`.	42	Distinct FormatType variants found within grouped catalog rows.	Never NULL; zero means no nonmissing value.
course_material_no_use	view	75	book_status_variant_count	bigint	course_material_recent	Inherited `course_material_recent.book_status_variant_count` via `SELECT *`.	42	Distinct book status variants found within grouped catalog rows.	Never NULL; zero means no nonmissing value.
course_material_no_use	view	76	catalog_metadata_conflict	boolean	course_material_recent	Inherited `course_material_recent.catalog_metadata_conflict` via `SELECT *`.	TRUE	Flags conflicting bibliographic values among grouped catalog rows.	Never NULL; false means the named conflict was not detected.
course_material_no_use	view	77	is_required_inferred_conflict	boolean	course_material_recent	Inherited `course_material_recent.is_required_inferred_conflict` via `SELECT *`.	TRUE	Whether grouped rows disagree on inferred-required status.	Never NULL; false means no detected within-group conflict.
course_material_no_use	view	78	is_oer_conflict	boolean	course_material_recent	Inherited `course_material_recent.is_oer_conflict` via `SELECT *`.	TRUE	Whether grouped rows disagree on open-resource classification.	Never NULL; false means no detected within-group conflict.
course_material_no_use	view	79	is_ia_conflict	boolean	course_material_recent	Inherited `course_material_recent.is_ia_conflict` via `SELECT *`.	TRUE	Whether grouped rows disagree on inclusive-access classification.	Never NULL; false means no detected within-group conflict.
course_material_no_use	view	80	use_source_row_count	bigint	course_material_recent	Inherited `course_material_recent.use_source_row_count` via `SELECT *`.	42	Included catalog rows collapsed into the canonical item.	Never NULL; zero is possible for the filtered count.
course_material_no_use	view	81	no_use_source_row_count	bigint	course_material_recent	Inherited `course_material_recent.no_use_source_row_count` via `SELECT *`.	42	Excluded catalog rows collapsed into the canonical item.	Never NULL; zero is possible for the filtered count.
course_material_no_use	view	82	has_use_source_row	boolean	course_material_recent	Inherited `course_material_recent.has_use_source_row` via `SELECT *`.	FALSE	Whether grouped rows include retained-population evidence.	Never NULL; NoUse is recomputed from the absence of grouped Use evidence.
course_material_no_use	view	83	has_no_use_source_row	boolean	course_material_recent	Inherited `course_material_recent.has_no_use_source_row` via `SELECT *`.	TRUE	Whether grouped rows include excluded-population evidence.	Never NULL; every recent raw row without grouped Use evidence is NoUse.
course_material_no_use	view	84	population_classification_conflict	boolean	course_material_recent	Inherited `course_material_recent.population_classification_conflict` via `SELECT *`.	TRUE	Flags simultaneous Use and NoUse evidence within groups.	Never NULL; false means the named conflict was not detected.
course_material_no_use	view	85	instructor_variant_count	bigint	course_material_recent	Inherited `course_material_recent.instructor_variant_count` via `SELECT *`.	42	Distinct instructor variants found within grouped catalog rows.	Never NULL; zero means no nonmissing value.
course_material_no_use	view	86	email_variant_count	bigint	course_material_recent	Inherited `course_material_recent.email_variant_count` via `SELECT *`.	42	Distinct email variants found within grouped catalog rows.	Never NULL; zero means no nonmissing value.
course_material_no_use	view	87	contact_metadata_conflict	boolean	course_material_recent	Inherited `course_material_recent.contact_metadata_conflict` via `SELECT *`.	TRUE	Flags conflicting instructor or email values within groups.	Never NULL; false means the named conflict was not detected.
course_material_no_use	view	88	is_supply_conflict	boolean	course_material_recent	Inherited `course_material_recent.is_supply_conflict` via `SELECT *`.	TRUE	Whether grouped rows disagree on supply classification.	Never NULL; false means no detected within-group conflict.
course_material_no_use	view	89	no_details_conflict	boolean	course_material_recent	Inherited `course_material_recent.no_details_conflict` via `SELECT *`.	TRUE	Flags disagreement about the no-details placeholder within groups.	Never NULL; false means no detected within-group conflict.
course_material_no_use	view	90	no_materials_conflict	boolean	course_material_recent	Inherited `course_material_recent.no_materials_conflict` via `SELECT *`.	TRUE	Flags disagreement about no-materials evidence within groups.	Never NULL; false means no detected within-group conflict.
course_material_no_use	view	91	is_canada_conflict	boolean	course_material_recent	Inherited `course_material_recent.is_canada_conflict` via `SELECT *`.	TRUE	Whether grouped rows disagree on Canadian classification.	Never NULL; false means no detected within-group conflict.
course_material_no_use	view	92	is_null_isbn_audit	boolean	course_material_recent	Inherited `course_material_recent.is_null_isbn_audit` via `SELECT *`.	TRUE	Whether the row audits a NULL-ISBN source group.	Never NULL; false means the named evidence is absent.
course_material_no_use	view	93	has_nonnull_isbn_in_section	boolean	course_material_recent	Inherited `course_material_recent.has_nonnull_isbn_in_section` via `SELECT *`.	TRUE	Whether the section contains another non-NULL ISBN.	Never NULL; false means the named evidence is absent.
course_material_no_use	view	94	is_no_adoption_section	boolean	course_material_recent	Inherited `course_material_recent.is_no_adoption_section` via `SELECT *`.	TRUE	Whether the section has no non-NULL adopted ISBN.	Never NULL; false means the named evidence is absent.
course_material_no_use	view	95	is_section_required_direct	boolean	course_material_recent	Inherited `course_material_recent.is_section_required_direct` via `SELECT *`.	TRUE	Whether the source section has direct required evidence.	Never NULL in the recent-period view; false means no qualifying section evidence.
course_material_no_use	view	96	section_course_material_no_use_count	bigint	course_material_recent	Inherited `course_material_recent.section_course_material_no_use_count` via `SELECT *`.	42	Excluded canonical items counted for the source section.	Never NULL; false or zero means the named section evidence is absent.
course_material_no_use	view	97	section_no_details_count	bigint	course_material_recent	Inherited `course_material_recent.section_no_details_count` via `SELECT *`.	42	No-details canonical items counted for the source section.	Never NULL; false or zero means the named section evidence is absent.
course_material_no_use	view	98	section_no_materials_count	bigint	course_material_recent	Inherited `course_material_recent.section_no_materials_count` via `SELECT *`.	42	No-materials canonical items counted for the source section.	Never NULL; false or zero means the named section evidence is absent.
course_material_no_use	view	99	is_section_canada	boolean	course_material_recent	Inherited `course_material_recent.is_section_canada` via `SELECT *`.	TRUE	Whether any canonical item marks the source section Canadian.	Never NULL; false or zero means the named section evidence is absent.
course_material_no_use	view	100	is_section_supply	boolean	course_material_recent	Inherited `course_material_recent.is_section_supply` via `SELECT *`.	TRUE	Whether any canonical item marks the source section supply.	Never NULL; false or zero means the named section evidence is absent.
course_material_no_use	view	101	section_supply_count	bigint	course_material_recent	Inherited `course_material_recent.section_supply_count` via `SELECT *`.	42	Supply canonical items counted for the source section.	Never NULL; false or zero means the named section evidence is absent.
section_enrollment	table	1	section_id	varchar	course_catalog_20251215	Group key from `course_catalog_20251215.section_id`.	1001::BIO::101::001::2025-4	Period-specific identifier for the distinct section offering.	Missing catalog descriptor; section and sortable-period keys are required.
section_enrollment	table	2	unit_id	bigint	course_catalog_20251215	`ANY_VALUE(course_catalog_20251215.unit_id)` for the section.	1001	IPEDS institution identifier used throughout the pipeline.	Missing catalog descriptor; section and sortable-period keys are required.
section_enrollment	table	3	course_id	varchar	course_catalog_20251215	`ANY_VALUE(course_catalog_20251215.course_id)` for the section.	1001::BIO::101	Stable identifier for the institution-level course offering.	Missing catalog descriptor; section and sortable-period keys are required.
section_enrollment	table	4	period_sortable	varchar	course_catalog_20251215	`ANY_VALUE(course_catalog_20251215.period_sortable)` for the section.	2025-4	Sortable academic term code used for chronological ordering.	Missing catalog descriptor; section and sortable-period keys are required.
section_enrollment	table	5	course_level	varchar	course_catalog_20251215	Lexical `mode(course_catalog_20251215.course_level ORDER BY course_level)` for the section.	Introductory or general undergraduate	Instructional level assigned to the course.	Missing catalog descriptor; section and sortable-period keys are required.
section_enrollment	table	6	enrollments	integer	course_catalog_20251215	`MAX(course_catalog_20251215.enrollments)` for the section; raw 9999 seats sentinel retained.	42	Enrollment reported directly for the course section.	No reported enrollments.
section_enrollment	table	7	seats_taken	integer	course_catalog_20251215	`MAX(course_catalog_20251215.seats_taken)` for the section; raw 9999 seats sentinel retained.	42	Occupied seats reported for the course section.	No reported seats taken.
section_enrollment	table	8	has_enrollment	boolean	course_catalog_20251215, recent_period	`enrollments IS NOT NULL`.	TRUE	Whether usable enrollment information is available.	Never NULL; false means the signal is absent.
section_enrollment	table	9	has_enrollment_sibling	boolean	course_catalog_20251215, recent_period	`(course_enroll_sections - CASE WHEN has_enrollment THEN 1 ELSE 0 END) > 0`, where `course_enroll_sections = SUM(CASE WHEN has_enrollment THEN 1 ELSE 0 END)` per `(course_id, period_sortable)`.	TRUE	Whether a sibling section reports enrollment.	Never NULL; false means the signal is absent.
section_enrollment	table	10	has_enrollment_own_seats	boolean	course_catalog_20251215, recent_period	`seats_taken IS NOT NULL AND seats_taken < 9999`.	TRUE	Whether the section reports usable occupied seats.	Never NULL; false means the signal is absent.
section_enrollment	table	11	has_enrollment_sibling_seats	boolean	course_catalog_20251215, recent_period	`(course_seats_sections - CASE WHEN has_enrollment_own_seats THEN 1 ELSE 0 END) > 0`, where `course_seats_sections = SUM(CASE WHEN has_enrollment_own_seats THEN 1 ELSE 0 END)` per `(course_id, period_sortable)`.	TRUE	Whether a sibling section reports usable occupied seats.	Never NULL; false means the signal is absent.
master_mailing	table	1	unit_id	bigint	course_catalog_20251215	Deterministically selected `course_catalog_20251215.unit_id` directly from `${SURVEY_TABLE}` for each cleaned email.	1001	IPEDS institution identifier used throughout the pipeline.	Selected source row has no value for this field.
master_mailing	table	2	school	varchar	course_catalog_20251215	Deterministically selected `course_catalog_20251215.school` directly from `${SURVEY_TABLE}` for each cleaned email.	Example University	Institution or school name attached to the course.	Selected source row has no value for this field.
master_mailing	table	3	state	varchar	course_catalog_20251215	Deterministically selected `course_catalog_20251215.state` directly from `${SURVEY_TABLE}` for each cleaned email.	CA	State or province code for the institution.	Selected source row has no value for this field.
master_mailing	table	4	department	varchar	course_catalog_20251215	Deterministically selected `course_catalog_20251215.department` directly from `${SURVEY_TABLE}` for each cleaned email.	Biology	Academic department responsible for the course.	Selected source row has no value for this field.
master_mailing	table	5	course_level	varchar	course_catalog_20251215	Deterministically selected `course_catalog_20251215.course_level` directly from `${SURVEY_TABLE}` for each cleaned email.	Introductory or general undergraduate	Instructional level assigned to the course.	Selected source row has no value for this field.
master_mailing	table	6	course_subject	varchar	course_catalog_20251215	Deterministically selected `course_catalog_20251215.course_subject` directly from `${SURVEY_TABLE}` for each cleaned email.	BIO	Subject area assigned to the course.	Selected source row has no value for this field.
master_mailing	table	7	period	varchar	course_catalog_20251215	Deterministically selected `course_catalog_20251215.period` directly from `${SURVEY_TABLE}` for each cleaned email.	Fall 2025	Human-readable academic term label from the source.	Selected source row has no value for this field.
master_mailing	table	8	period_sortable	varchar	course_catalog_20251215	Deterministically selected `course_catalog_20251215.period_sortable` directly from `${SURVEY_TABLE}` for each cleaned email.	2025-4	Sortable academic term code used for chronological ordering.	Selected source row has no value for this field.
master_mailing	table	9	period_date	date	course_catalog_20251215	Deterministically selected `course_catalog_20251215.period_date` directly from `${SURVEY_TABLE}` for each cleaned email.	2025-10-01	Canonical starting date assigned to the academic term.	Selected source row has no value for this field.
master_mailing	table	10	instructor	varchar	course_catalog_20251215	Deterministically selected `course_catalog_20251215.instructor` directly from `${SURVEY_TABLE}` for each cleaned email.	A. Example	Instructor name attached to the course section.	Selected source row has no value for this field.
master_mailing	table	11	first_name	varchar	course_catalog_20251215	Deterministically selected `course_catalog_20251215.first_name` directly from `${SURVEY_TABLE}` for each cleaned email.	A. Example	Given name of the course instructor.	Selected source row has no value for this field.
master_mailing	table	12	last_name	varchar	course_catalog_20251215	Deterministically selected `course_catalog_20251215.last_name` directly from `${SURVEY_TABLE}` for each cleaned email.	A. Example	Family name of the course instructor.	Selected source row has no value for this field.
master_mailing	table	13	email	varchar	course_catalog_20251215	Deterministically selected `course_catalog_20251215.email` directly from `${SURVEY_TABLE}` for each cleaned email.	instructor@example.edu	Normalized instructor email used for contact and matching.	Not produced; retained master emails are required.
recent_period	view	1	period_sortable	varchar	course_catalog_20251215	Latest 12 distinct nonmissing `course_catalog_20251215.period_sortable` values.	2025-4	Sortable academic term code used for chronological ordering.	Not produced.
current_mailing	view	1	unit_id	bigint	master_mailing, recent_period, opt_out	`master_mailing.unit_id` passthrough after `recent_period` and `opt_out.email` filters.	1001	IPEDS institution identifier used throughout the pipeline.	Selected master row has no value for this field.
current_mailing	view	2	school	varchar	master_mailing, recent_period, opt_out	`master_mailing.school` passthrough after `recent_period` and `opt_out.email` filters.	Example University	Institution or school name attached to the course.	Selected master row has no value for this field.
current_mailing	view	3	state	varchar	master_mailing, recent_period, opt_out	`master_mailing.state` passthrough after `recent_period` and `opt_out.email` filters.	CA	State or province code for the institution.	Selected master row has no value for this field.
current_mailing	view	4	department	varchar	master_mailing, recent_period, opt_out	`master_mailing.department` passthrough after `recent_period` and `opt_out.email` filters.	Biology	Academic department responsible for the course.	Selected master row has no value for this field.
current_mailing	view	5	course_level	varchar	master_mailing, recent_period, opt_out	`master_mailing.course_level` passthrough after `recent_period` and `opt_out.email` filters.	Introductory or general undergraduate	Instructional level assigned to the course.	Selected master row has no value for this field.
current_mailing	view	6	course_subject	varchar	master_mailing, recent_period, opt_out	`master_mailing.course_subject` passthrough after `recent_period` and `opt_out.email` filters.	BIO	Subject area assigned to the course.	Selected master row has no value for this field.
current_mailing	view	7	period	varchar	master_mailing, recent_period, opt_out	`master_mailing.period` passthrough after `recent_period` and `opt_out.email` filters.	Fall 2025	Human-readable academic term label from the source.	Selected master row has no value for this field.
current_mailing	view	8	period_sortable	varchar	master_mailing, recent_period, opt_out	`master_mailing.period_sortable` passthrough after `recent_period` and `opt_out.email` filters.	2025-4	Sortable academic term code used for chronological ordering.	Selected master row has no value for this field.
current_mailing	view	9	period_date	date	master_mailing, recent_period, opt_out	`master_mailing.period_date` passthrough after `recent_period` and `opt_out.email` filters.	2025-10-01	Canonical starting date assigned to the academic term.	Selected master row has no value for this field.
current_mailing	view	10	instructor	varchar	master_mailing, recent_period, opt_out	`master_mailing.instructor` passthrough after `recent_period` and `opt_out.email` filters.	A. Example	Instructor name attached to the course section.	Selected master row has no value for this field.
current_mailing	view	11	first_name	varchar	master_mailing, recent_period, opt_out	`master_mailing.first_name` passthrough after `recent_period` and `opt_out.email` filters.	A. Example	Given name of the course instructor.	Selected master row has no value for this field.
current_mailing	view	12	last_name	varchar	master_mailing, recent_period, opt_out	`master_mailing.last_name` passthrough after `recent_period` and `opt_out.email` filters.	A. Example	Family name of the course instructor.	Selected master row has no value for this field.
current_mailing	view	13	email	varchar	master_mailing, recent_period, opt_out	`master_mailing.email` passthrough after `recent_period` and `opt_out.email` filters.	instructor@example.edu	Normalized instructor email used for contact and matching.	Not produced; retained current emails are required.
current_mailing	view	14	panel_response_year	varchar	master_mailing, panel_email	`panel_email.panel_response_year` LEFT JOINed to `master_mailing` by cleaned email.	OER_2025	Latest recorded panel response campaign label.	No recorded panel response year for the email.
master_material	table	1	isbn13	bigint	course_material_use	`course_material_use.isbn13` passthrough.	9780000000002	Book or material identifier used for cross-source matching.	Never NULL; every retained source Use row requires an ISBN.
master_material	table	2	book_title	varchar	course_material_use	`course_material_use.book_title` passthrough.	Introduction to Biology	Canonical title selected for the grouped ISBN.	The selected representative row has no value; another grouped row may have one.
master_material	table	3	author	varchar	course_material_use	`course_material_use.author` passthrough.	A. Example	Author credited for the adopted course material.	The selected representative row has no value; another grouped row may have one.
master_material	table	4	publisher	varchar	course_material_use	`course_material_use.publisher` passthrough.	Example Press	Publisher credited for the adopted course material.	The selected representative row has no value; another grouped row may have one.
master_material	table	5	imprint	varchar	course_material_use	`course_material_use.imprint` passthrough.	Example Academic	Publishing imprint named for the adopted material.	The selected representative row has no value; another grouped row may have one.
master_material	table	6	book_format	varchar	course_material_use	`course_material_use.book_format` passthrough.	physical	Physical or digital format of the material.	The selected representative row has no value; another grouped row may have one.
master_material	table	7	format_type	varchar	course_material_use	`course_material_use.format_type` passthrough.	Book	Catalog classification label for the material format.	The selected representative row has no value; another grouped row may have one.
master_material	table	8	book_status	varchar	course_material_use	`course_material_use.book_status` passthrough.	required	Adoption priority assigned to the course material.	The selected representative row has no value; another grouped row may have one.
master_material	table	9	isbn_book_title	varchar	course_material_use	`course_material_use.isbn_book_title` passthrough.	Introduction to Biology	Canonical title selected for the term-level ISBN.	No nonmissing metadata value for the term×ISBN.
master_material	table	10	isbn_author	varchar	course_material_use	`course_material_use.isbn_author` passthrough.	A. Example	Canonical author selected for the term-level ISBN.	No nonmissing metadata value for the term×ISBN.
master_material	table	11	isbn_publisher	varchar	course_material_use	`course_material_use.isbn_publisher` passthrough.	Example Press	Canonical publisher selected for the term-level ISBN.	No nonmissing metadata value for the term×ISBN.
master_material	table	12	isbn_title_variant_count	bigint	course_material_use	`course_material_use.isbn_title_variant_count` passthrough.	42	Distinct ISBN title variants found within grouped catalog rows.	Never NULL; zero means no nonmissing value.
master_material	table	13	isbn_author_variant_count	bigint	course_material_use	`course_material_use.isbn_author_variant_count` passthrough.	42	Distinct ISBN author variants found within grouped catalog rows.	Never NULL; zero means no nonmissing value.
master_material	table	14	isbn_publisher_variant_count	bigint	course_material_use	`course_material_use.isbn_publisher_variant_count` passthrough.	42	Distinct ISBN publisher variants found within grouped catalog rows.	Never NULL; zero means no nonmissing value.
master_material	table	15	unit_id	bigint	course_material_use	`course_material_use.unit_id` passthrough.	1001	IPEDS institution identifier used throughout the pipeline.	The selected representative row has no value; another grouped row may have one.
master_material	table	16	school	varchar	course_material_use	`course_material_use.school` passthrough.	Example University	Institution or school name attached to the course.	The selected representative row has no value; another grouped row may have one.
master_material	table	17	state	varchar	course_material_use	`course_material_use.state` passthrough.	CA	State or province code for the institution.	The selected representative row has no value; another grouped row may have one.
master_material	table	18	dept_code	varchar	course_material_use	`course_material_use.dept_code` passthrough.	BIO	Short code identifying the academic department.	The selected representative row has no value; another grouped row may have one.
master_material	table	19	department	varchar	course_material_use	`course_material_use.department` passthrough.	Biology	Academic department responsible for the course.	The selected representative row has no value; another grouped row may have one.
master_material	table	20	dept_description	varchar	course_material_use	`course_material_use.dept_description` passthrough.	Biology	Expanded description of the academic department.	The selected representative row has no value; another grouped row may have one.
master_material	table	21	course_number	varchar	course_material_use	`course_material_use.course_number` passthrough.	101	Catalog number identifying the course within its department.	The selected representative row has no value; another grouped row may have one.
master_material	table	22	section	varchar	course_material_use	`course_material_use.section` passthrough.	001	Source code distinguishing sections of the same course.	The selected representative row has no value; another grouped row may have one.
master_material	table	23	course_title	varchar	course_material_use	`course_material_use.course_title` passthrough.	Introduction to Biology	Official title assigned to the course.	The selected representative row has no value; another grouped row may have one.
master_material	table	24	course_level	varchar	course_material_use	`course_material_use.course_level` passthrough.	Introductory or general undergraduate	Instructional level assigned to the course.	Neither the section-canonical value nor representative source row has a value.
master_material	table	25	course_subject	varchar	course_material_use	`course_material_use.course_subject` passthrough.	BIO	Subject area assigned to the course.	The selected representative row has no value; another grouped row may have one.
master_material	table	26	period	varchar	course_material_use	`course_material_use.period` passthrough.	Fall 2025	Human-readable academic term label from the source.	The selected representative row has no value; another grouped row may have one.
master_material	table	27	enrollments	integer	course_material_use	`course_material_use.enrollments` passthrough.	42	Enrollment reported directly for the course section.	Neither the section-canonical value nor representative source row has a value.
master_material	table	28	seats_taken	integer	course_material_use	`course_material_use.seats_taken` passthrough.	42	Occupied seats reported for the course section.	Neither the section-canonical value nor representative source row has a value.
master_material	table	29	instructor	varchar	course_material_use	`course_material_use.instructor` passthrough.	A. Example	Instructor name attached to the course section.	The selected representative row has no value; another grouped row may have one.
master_material	table	30	first_name	varchar	course_material_use	`course_material_use.first_name` passthrough.	A. Example	Given name of the course instructor.	The selected representative row has no value; another grouped row may have one.
master_material	table	31	last_name	varchar	course_material_use	`course_material_use.last_name` passthrough.	A. Example	Family name of the course instructor.	The selected representative row has no value; another grouped row may have one.
master_material	table	32	email	varchar	course_material_use	`course_material_use.email` passthrough.	instructor@example.edu	Normalized instructor email used for contact and matching.	The selected representative row has no value; another grouped row may have one.
master_material	table	33	course_id	varchar	course_material_use	`course_material_use.course_id` passthrough.	1001::BIO::101	Stable identifier for the institution-level course offering.	Neither the section-canonical value nor representative source row has a value.
master_material	table	34	section_id	varchar	course_material_use	`course_material_use.section_id` passthrough.	1001::BIO::101::001::2025-4	Period-specific identifier for the distinct section offering.	ISBN is NULL only on audit groups; section and sortable-period keys are required.
master_material	table	35	period_sortable	varchar	course_material_use	`course_material_use.period_sortable` passthrough.	2025-4	Sortable academic term code used for chronological ordering.	ISBN is NULL only on audit groups; section and sortable-period keys are required.
master_material	table	36	period_date	date	course_material_use	`course_material_use.period_date` passthrough.	2025-10-01	Canonical starting date assigned to the academic term.	The selected representative row has no value; another grouped row may have one.
master_material	table	37	is_oer	boolean	course_material_use	`course_material_use.is_oer` passthrough.	TRUE	Whether the material is an open educational resource.	Never NULL under the normalized row-flag contract; false means no grouped row qualifies.
master_material	table	38	oer_category	varchar	course_material_use	`course_material_use.oer_category` passthrough.	unknown	Open-resource category assigned to the material format.	The selected representative row has no value; another grouped row may have one.
master_material	table	39	is_ia	boolean	course_material_use	`course_material_use.is_ia` passthrough.	TRUE	Whether the material uses inclusive access.	Never NULL under the normalized row-flag contract; false means no grouped row qualifies.
master_material	table	40	ia_category	varchar	course_material_use	`course_material_use.ia_category` passthrough.	unknown	Inclusive-access category assigned to the material format.	The selected representative row has no value; another grouped row may have one.
master_material	table	41	is_supply	boolean	course_material_use	`course_material_use.is_supply` passthrough.	TRUE	Whether the material is classified as a course supply.	Never NULL under the normalized row-flag contract; false means no grouped row qualifies.
master_material	table	42	supply_category	varchar	course_material_use	`course_material_use.supply_category` passthrough.	science_lab	Supply classification assigned from matched title keywords.	The selected representative row has no value; another grouped row may have one.
master_material	table	43	institution_name	varchar	course_material_use	`course_material_use.institution_name` passthrough.	Example University	Canonical institution name supplied by IPEDS.	The selected representative row has no value; another grouped row may have one.
master_material	table	44	sector	varchar	course_material_use	`course_material_use.sector` passthrough.	unknown	IPEDS sector classification for the institution.	Neither the section-canonical value nor representative source row has a value.
master_material	table	45	level	varchar	course_material_use	`course_material_use.level` passthrough.	unknown	IPEDS award-level classification for the institution.	Neither the section-canonical value nor representative source row has a value.
master_material	table	46	control	varchar	course_material_use	`course_material_use.control` passthrough.	unknown	Institution ownership and governance classification used for reporting.	Neither the section-canonical value nor representative source row has a value.
master_material	table	47	size	varchar	course_material_use	`course_material_use.size` passthrough.	unknown	IPEDS institutional enrollment-size classification used for reporting.	The selected representative row has no value; another grouped row may have one.
master_material	table	48	enrollment_2024	integer	course_material_use	`course_material_use.enrollment_2024` passthrough.	42	Total institutional enrollment reported to IPEDS for 2024.	The selected representative row has no value; another grouped row may have one.
master_material	table	49	distance_enrollment_2024	integer	course_material_use	`course_material_use.distance_enrollment_2024` passthrough.	42	IPEDS 2024 students enrolled in distance education.	The selected representative row has no value; another grouped row may have one.
master_material	table	50	institution_type	varchar	course_material_use	`course_material_use.institution_type` passthrough.	unknown	Derived institution type used for reporting groups.	The selected representative row has no value; another grouped row may have one.
master_material	table	51	is_required_inferred	boolean	course_material_use	`course_material_use.is_required_inferred` passthrough.	TRUE	Whether the material is treated as required after fallback.	Never NULL under the normalized row-flag contract; false means no grouped row qualifies.
master_material	table	52	is_recent	boolean	course_material_use	`course_material_use.is_recent` passthrough.	TRUE	Whether the term belongs to the newest catalog window.	Never NULL; inherited from the recent-period view.
master_material	table	53	has_isbn	boolean	course_material_use	`course_material_use.has_isbn` passthrough.	TRUE	Whether the material has a non-NULL ISBN.	Never NULL; every retained source Use row requires an ISBN.
master_material	table	54	has_formattype	boolean	course_material_use	`course_material_use.has_formattype` passthrough.	TRUE	Whether the material has a nonblank FormatType classification.	Never NULL under the normalized row-flag contract; false means no grouped row qualifies.
master_material	table	55	has_enrollment	boolean	course_material_use	`course_material_use.has_enrollment` passthrough.	TRUE	Whether usable enrollment information is available.	Never NULL; false means neither section-canonical nor source-row evidence qualifies.
master_material	table	56	has_enrollment_own_seats	boolean	course_material_use	`course_material_use.has_enrollment_own_seats` passthrough.	TRUE	Whether the section reports usable occupied seats.	Never NULL; false means neither section-canonical nor source-row evidence qualifies.
master_material	table	57	no_details	boolean	course_material_use	`course_material_use.no_details` passthrough.	TRUE	Whether the title carries the no-details placeholder.	Never NULL under the normalized row-flag contract; false means no grouped row qualifies.
master_material	table	58	no_materials	boolean	course_material_use	`course_material_use.no_materials` passthrough.	TRUE	Whether the row explicitly indicates no course materials.	Never NULL under the normalized row-flag contract; false means no grouped row qualifies.
master_material	table	59	is_canada	boolean	course_material_use	`course_material_use.is_canada` passthrough.	TRUE	Whether the source row belongs to Canada.	Never NULL under the normalized row-flag contract; false means no grouped row qualifies.
master_material	table	60	is_course_material_use	boolean	course_material_use	`course_material_use.is_course_material_use` passthrough.	TRUE	Whether the material belongs to the analysis population.	Never NULL; required by the view filter.
master_material	table	61	is_course_material_no_use	boolean	course_material_use	`course_material_use.is_course_material_no_use` passthrough.	FALSE	Whether the material belongs to the excluded population.	Never NULL; NoUse is recomputed as recent AND NOT grouped Use evidence.
master_material	table	62	has_enrollment_sibling	boolean	course_material_use	`course_material_use.has_enrollment_sibling` passthrough.	TRUE	Whether a sibling section reports enrollment.	Never NULL in the recent-period view; false means no qualifying section evidence.
master_material	table	63	has_enrollment_sibling_seats	boolean	course_material_use	`course_material_use.has_enrollment_sibling_seats` passthrough.	TRUE	Whether a sibling section reports usable occupied seats.	Never NULL in the recent-period view; false means no qualifying section evidence.
master_material	table	64	enrollment_assigned	integer	course_material_use	`course_material_use.enrollment_assigned` passthrough.	42	Best available section enrollment from the assignment ladder.	NULL outside the recent window or when no assignment rung succeeds.
master_material	table	65	enrollment_source	varchar	course_material_use	`course_material_use.enrollment_source` passthrough.	own	Assignment-ladder rung that supplied the section enrollment.	Never NULL in the recent-period view; `none` means no assignment rung produced a value.
master_material	table	66	is_required_direct	boolean	course_material_use	`course_material_use.is_required_direct` passthrough.	TRUE	Whether direct required evidence is present at the relation grain.	Never NULL under the normalized row-flag contract; false means no grouped row qualifies.
master_material	table	67	is_optional_or_recommended_direct	boolean	course_material_use	`course_material_use.is_optional_or_recommended_direct` passthrough.	TRUE	Whether grouped rows include optional or recommended direct-status evidence.	Never NULL under the normalized row-flag contract; false means no grouped row qualifies.
master_material	table	68	source_row_count	bigint	course_material_use	`course_material_use.source_row_count` passthrough.	42	Catalog rows collapsed into the canonical material item.	Never NULL or zero for a retained group.
master_material	table	69	title_variant_count	bigint	course_material_use	`course_material_use.title_variant_count` passthrough.	42	Distinct title variants found within grouped catalog rows.	Never NULL; zero means no nonmissing value.
master_material	table	70	author_variant_count	bigint	course_material_use	`course_material_use.author_variant_count` passthrough.	42	Distinct author variants found within grouped catalog rows.	Never NULL; zero means no nonmissing value.
master_material	table	71	publisher_variant_count	bigint	course_material_use	`course_material_use.publisher_variant_count` passthrough.	42	Distinct publisher variants found within grouped catalog rows.	Never NULL; zero means no nonmissing value.
master_material	table	72	imprint_variant_count	bigint	course_material_use	`course_material_use.imprint_variant_count` passthrough.	42	Distinct imprint variants found within grouped catalog rows.	Never NULL; zero means no nonmissing value.
master_material	table	73	book_format_variant_count	bigint	course_material_use	`course_material_use.book_format_variant_count` passthrough.	42	Distinct book format variants found within grouped catalog rows.	Never NULL; zero means no nonmissing value.
master_material	table	74	format_type_variant_count	bigint	course_material_use	`course_material_use.format_type_variant_count` passthrough.	42	Distinct FormatType variants found within grouped catalog rows.	Never NULL; zero means no nonmissing value.
master_material	table	75	book_status_variant_count	bigint	course_material_use	`course_material_use.book_status_variant_count` passthrough.	42	Distinct book status variants found within grouped catalog rows.	Never NULL; zero means no nonmissing value.
master_material	table	76	catalog_metadata_conflict	boolean	course_material_use	`course_material_use.catalog_metadata_conflict` passthrough.	TRUE	Flags conflicting bibliographic values among grouped catalog rows.	Never NULL; false means the named conflict was not detected.
master_material	table	77	is_required_inferred_conflict	boolean	course_material_use	`course_material_use.is_required_inferred_conflict` passthrough.	TRUE	Whether grouped rows disagree on inferred-required status.	Never NULL; false means no detected within-group conflict.
master_material	table	78	is_oer_conflict	boolean	course_material_use	`course_material_use.is_oer_conflict` passthrough.	TRUE	Whether grouped rows disagree on open-resource classification.	Never NULL; false means no detected within-group conflict.
master_material	table	79	is_ia_conflict	boolean	course_material_use	`course_material_use.is_ia_conflict` passthrough.	TRUE	Whether grouped rows disagree on inclusive-access classification.	Never NULL; false means no detected within-group conflict.
master_material	table	80	bookstore_url	varchar	pricing_wide	`pricing_wide.bookstore_url` LEFT JOIN on `(section_id, isbn13)`.	https://bookstore.example.edu/item/123	Bookstore page providing the observed material prices.	No exact pricing row, or the matched pricing aggregate has no valid value.
master_material	table	81	price_buy_new_physical	decimal(10,2)	pricing_wide	`pricing_wide.price_buy_new_physical` LEFT JOIN on `(section_id, isbn13)`.	12.34	Price for new physical purchase offerings.	No exact pricing row, or the matched pricing aggregate has no valid value.
master_material	table	82	price_buy_new_digital	decimal(10,2)	pricing_wide	`pricing_wide.price_buy_new_digital` LEFT JOIN on `(section_id, isbn13)`.	12.34	Price for new digital purchase offerings.	No exact pricing row, or the matched pricing aggregate has no valid value.
master_material	table	83	price_buy_new_na	decimal(10,2)	pricing_wide	`pricing_wide.price_buy_new_na` LEFT JOIN on `(section_id, isbn13)`.	12.34	Price for new unspecified-format purchase offerings.	No exact pricing row, or the matched pricing aggregate has no valid value.
master_material	table	84	price_buy_used_physical	decimal(10,2)	pricing_wide	`pricing_wide.price_buy_used_physical` LEFT JOIN on `(section_id, isbn13)`.	12.34	Price for used physical purchase offerings.	No exact pricing row, or the matched pricing aggregate has no valid value.
master_material	table	85	price_buy_used_digital	decimal(10,2)	pricing_wide	`pricing_wide.price_buy_used_digital` LEFT JOIN on `(section_id, isbn13)`.	12.34	Price for used digital purchase offerings.	No exact pricing row, or the matched pricing aggregate has no valid value.
master_material	table	86	price_buy_used_na	decimal(10,2)	pricing_wide	`pricing_wide.price_buy_used_na` LEFT JOIN on `(section_id, isbn13)`.	12.34	Price for used unspecified-format purchase offerings.	No exact pricing row, or the matched pricing aggregate has no valid value.
master_material	table	87	price_buy_na_physical	decimal(10,2)	pricing_wide	`pricing_wide.price_buy_na_physical` LEFT JOIN on `(section_id, isbn13)`.	12.34	Price for unspecified-condition physical purchase offerings.	No exact pricing row, or the matched pricing aggregate has no valid value.
master_material	table	88	price_buy_na_digital	decimal(10,2)	pricing_wide	`pricing_wide.price_buy_na_digital` LEFT JOIN on `(section_id, isbn13)`.	12.34	Price for unspecified-condition digital purchase offerings.	No exact pricing row, or the matched pricing aggregate has no valid value.
master_material	table	89	price_buy_na_na	decimal(10,2)	pricing_wide	`pricing_wide.price_buy_na_na` LEFT JOIN on `(section_id, isbn13)`.	12.34	Price for unspecified-condition unspecified-format purchase offerings.	No exact pricing row, or the matched pricing aggregate has no valid value.
master_material	table	90	price_rental_new_physical	decimal(10,2)	pricing_wide	`pricing_wide.price_rental_new_physical` LEFT JOIN on `(section_id, isbn13)`.	12.34	Price for new physical rental offerings.	No exact pricing row, or the matched pricing aggregate has no valid value.
master_material	table	91	price_rental_new_digital	decimal(10,2)	pricing_wide	`pricing_wide.price_rental_new_digital` LEFT JOIN on `(section_id, isbn13)`.	12.34	Price for new digital rental offerings.	No exact pricing row, or the matched pricing aggregate has no valid value.
master_material	table	92	price_rental_new_na	decimal(10,2)	pricing_wide	`pricing_wide.price_rental_new_na` LEFT JOIN on `(section_id, isbn13)`.	12.34	Price for new unspecified-format rental offerings.	No exact pricing row, or the matched pricing aggregate has no valid value.
master_material	table	93	price_rental_used_physical	decimal(10,2)	pricing_wide	`pricing_wide.price_rental_used_physical` LEFT JOIN on `(section_id, isbn13)`.	12.34	Price for used physical rental offerings.	No exact pricing row, or the matched pricing aggregate has no valid value.
master_material	table	94	price_rental_used_digital	decimal(10,2)	pricing_wide	`pricing_wide.price_rental_used_digital` LEFT JOIN on `(section_id, isbn13)`.	12.34	Price for used digital rental offerings.	No exact pricing row, or the matched pricing aggregate has no valid value.
master_material	table	95	price_rental_used_na	decimal(10,2)	pricing_wide	`pricing_wide.price_rental_used_na` LEFT JOIN on `(section_id, isbn13)`.	12.34	Price for used unspecified-format rental offerings.	No exact pricing row, or the matched pricing aggregate has no valid value.
master_material	table	96	price_rental_na_physical	decimal(10,2)	pricing_wide	`pricing_wide.price_rental_na_physical` LEFT JOIN on `(section_id, isbn13)`.	12.34	Price for unspecified-condition physical rental offerings.	No exact pricing row, or the matched pricing aggregate has no valid value.
master_material	table	97	price_rental_na_digital	decimal(10,2)	pricing_wide	`pricing_wide.price_rental_na_digital` LEFT JOIN on `(section_id, isbn13)`.	12.34	Price for unspecified-condition digital rental offerings.	No exact pricing row, or the matched pricing aggregate has no valid value.
master_material	table	98	price_rental_na_na	decimal(10,2)	pricing_wide	`pricing_wide.price_rental_na_na` LEFT JOIN on `(section_id, isbn13)`.	12.34	Price for unspecified-condition unspecified-format rental offerings.	No exact pricing row, or the matched pricing aggregate has no valid value.
master_material	table	99	format_count	bigint	pricing_wide	`pricing_wide.format_count` LEFT JOIN on `(section_id, isbn13)`.	42	Distinct option-condition-format combinations offered for the material.	No exact pricing row, or the matched pricing aggregate has no valid value.
master_material	table	100	has_buy	boolean	pricing_wide	`pricing_wide.has_buy` LEFT JOIN on `(section_id, isbn13)`.	TRUE	Whether any purchase offer exists for the material.	No exact pricing row, or the matched pricing aggregate has no valid value.
master_material	table	101	has_rent	boolean	pricing_wide	`pricing_wide.has_rent` LEFT JOIN on `(section_id, isbn13)`.	TRUE	Whether any rental offer exists for the material.	No exact pricing row, or the matched pricing aggregate has no valid value.
master_material	table	102	price_min	decimal(10,2)	pricing_wide	`pricing_wide.price_min` LEFT JOIN on `(section_id, isbn13)`.	12.34	Lowest valid price across available material offerings.	No exact pricing row, or the matched pricing aggregate has no valid value.
master_material	table	103	price_max	decimal(10,2)	pricing_wide	`pricing_wide.price_max` LEFT JOIN on `(section_id, isbn13)`.	12.34	Highest valid price across available material offerings.	No exact pricing row, or the matched pricing aggregate has no valid value.
master_material	table	104	price_avg	double	pricing_wide	`pricing_wide.price_avg` LEFT JOIN on `(section_id, isbn13)`.	12.34	Legacy midpoint between minimum and maximum material prices.	No exact pricing row, or the matched pricing aggregate has no valid value.
master_material	table	105	rental_days_min	integer	pricing_wide	`pricing_wide.rental_days_min` LEFT JOIN on `(section_id, isbn13)`.	42	Shortest available rental term measured in days.	No exact pricing row, or the matched pricing aggregate has no valid value.
master_material	table	106	rental_days_max	integer	pricing_wide	`pricing_wide.rental_days_max` LEFT JOIN on `(section_id, isbn13)`.	42	Longest available rental term measured in days.	No exact pricing row, or the matched pricing aggregate has no valid value.
master_material	table	107	price_buy_min	decimal(10,2)	pricing_wide	`pricing_wide.price_buy_min` LEFT JOIN on `(section_id, isbn13)`.	12.34	Lowest valid purchase price across available material offerings.	No exact pricing row, or the matched pricing aggregate has no valid value.
master_material	table	108	price_buy_max	decimal(10,2)	pricing_wide	`pricing_wide.price_buy_max` LEFT JOIN on `(section_id, isbn13)`.	12.34	Highest valid purchase price across available material offerings.	No exact pricing row, or the matched pricing aggregate has no valid value.
master_material	table	109	has_pricing_match	boolean	pricing_wide	`pricing_wide.section_id IS NOT NULL` after the exact `(section_id, isbn13)` LEFT JOIN.	TRUE	Whether an exact section-and-ISBN pricing match exists.	Never NULL; false distinguishes no pricing match.
master_material	table	110	is_section_required_direct	boolean	course_material_use	`course_material_use.is_section_required_direct` passthrough.	TRUE	Whether the source section has direct required evidence.	Never NULL in the recent-period view; false means no qualifying section evidence.
master_material	table	111	use_source_row_count	bigint	course_material_use	`course_material_use.use_source_row_count` passthrough.	42	Included catalog rows collapsed into the canonical item.	Never NULL; zero is possible for the filtered count.
master_material	table	112	no_use_source_row_count	bigint	course_material_use	`course_material_use.no_use_source_row_count` passthrough.	42	Excluded catalog rows collapsed into the canonical item.	Never NULL; zero is possible for the filtered count.
master_material	table	113	has_use_source_row	boolean	course_material_use	`course_material_use.has_use_source_row` passthrough.	TRUE	Whether grouped rows include retained-population evidence.	Never NULL; the view retains groups with source Use evidence.
master_material	table	114	has_no_use_source_row	boolean	course_material_use	`course_material_use.has_no_use_source_row` passthrough.	TRUE	Whether grouped rows include excluded-population evidence.	Never NULL under the normalized row-flag contract; false means no grouped row qualifies.
master_material	table	115	population_classification_conflict	boolean	course_material_use	`course_material_use.population_classification_conflict` passthrough.	TRUE	Flags simultaneous Use and NoUse evidence within groups.	Never NULL; false means the named conflict was not detected.
master_material	table	116	instructor_variant_count	bigint	course_material_use	`course_material_use.instructor_variant_count` passthrough.	42	Distinct instructor variants found within grouped catalog rows.	Never NULL; zero means no nonmissing value.
master_material	table	117	email_variant_count	bigint	course_material_use	`course_material_use.email_variant_count` passthrough.	42	Distinct email variants found within grouped catalog rows.	Never NULL; zero means no nonmissing value.
master_material	table	118	contact_metadata_conflict	boolean	course_material_use	`course_material_use.contact_metadata_conflict` passthrough.	TRUE	Flags conflicting instructor or email values within groups.	Never NULL; false means the named conflict was not detected.
master_material	table	119	is_supply_conflict	boolean	course_material_use	`course_material_use.is_supply_conflict` passthrough.	TRUE	Whether grouped rows disagree on supply classification.	Never NULL; false means no detected within-group conflict.
master_material	table	120	no_details_conflict	boolean	course_material_use	`course_material_use.no_details_conflict` passthrough.	TRUE	Flags disagreement about the no-details placeholder within groups.	Never NULL; false means no detected within-group conflict.
master_material	table	121	no_materials_conflict	boolean	course_material_use	`course_material_use.no_materials_conflict` passthrough.	TRUE	Flags disagreement about no-materials evidence within groups.	Never NULL; false means no detected within-group conflict.
master_material	table	122	is_canada_conflict	boolean	course_material_use	`course_material_use.is_canada_conflict` passthrough.	TRUE	Whether grouped rows disagree on Canadian classification.	Never NULL; false means no detected within-group conflict.
master_material	table	123	is_null_isbn_audit	boolean	course_material_use	`course_material_use.is_null_isbn_audit` passthrough.	TRUE	Whether the row audits a NULL-ISBN source group.	Never NULL; false means the named evidence is absent.
master_material	table	124	has_nonnull_isbn_in_section	boolean	course_material_use	`course_material_use.has_nonnull_isbn_in_section` passthrough.	TRUE	Whether the section contains another non-NULL ISBN.	Never NULL; false means the named evidence is absent.
master_material	table	125	is_no_adoption_section	boolean	course_material_use	`course_material_use.is_no_adoption_section` passthrough.	TRUE	Whether the section has no non-NULL adopted ISBN.	Never NULL; false means the named evidence is absent.
master_material	table	126	section_course_material_no_use_count	bigint	course_material_use	`course_material_use.section_course_material_no_use_count` passthrough.	42	Excluded canonical items counted for the source section.	Never NULL; false or zero means the named section evidence is absent.
master_material	table	127	section_no_details_count	bigint	course_material_use	`course_material_use.section_no_details_count` passthrough.	42	No-details canonical items counted for the source section.	Never NULL; false or zero means the named section evidence is absent.
master_material	table	128	section_no_materials_count	bigint	course_material_use	`course_material_use.section_no_materials_count` passthrough.	42	No-materials canonical items counted for the source section.	Never NULL; false or zero means the named section evidence is absent.
master_material	table	129	is_section_canada	boolean	course_material_use	`course_material_use.is_section_canada` passthrough.	TRUE	Whether any canonical item marks the source section Canadian.	Never NULL; false or zero means the named section evidence is absent.
master_material	table	130	is_section_supply	boolean	course_material_use	`course_material_use.is_section_supply` passthrough.	TRUE	Whether any canonical item marks the source section supply.	Never NULL; false or zero means the named section evidence is absent.
master_material	table	131	section_supply_count	bigint	course_material_use	`course_material_use.section_supply_count` passthrough.	42	Supply canonical items counted for the source section.	Never NULL; false or zero means the named section evidence is absent.
master_section	table	1	section_id	varchar	master_material	Group key from `master_material.section_id`; includes term	1001::BIO::101::001::2025-4	Period-specific identifier for the distinct section offering.	Never NULL
master_section	table	2	course_id	varchar	master_material	`ANY_VALUE(master_material.course_id)`	1001::BIO::101	Stable identifier for the institution-level course offering.	Missing segments are `UNKNOWN`
master_section	table	3	period	varchar	master_material	`ANY_VALUE(master_material.period)`	Fall 2025	Human-readable academic term label from the source.	Valid sortable period required
master_section	table	4	period_sortable	varchar	master_material	`master_material` group key (`YYYY-N`)	2025-4	Sortable academic term code used for chronological ordering.	Never NULL
master_section	table	5	period_date	date	master_material	`ANY_VALUE(period_date)`	2025-10-01	Canonical starting date assigned to the academic term.	Not NULL in retained scope
master_section	table	6	unit_id	bigint	master_material	`ANY_VALUE(master_material.unit_id)`	1001	IPEDS institution identifier used throughout the pipeline.	Missing institution ID
master_section	table	7	state	varchar	master_material	`ANY_VALUE(master_material.state)`	CA	State or province code for the institution.	Missing geography
master_section	table	8	control	varchar	master_material	`ANY_VALUE(master_material.control)`	unknown	Institution ownership and governance classification used for reporting.	No matching IPEDS institution
master_section	table	9	level	varchar	master_material	`ANY_VALUE(master_material.level)`	unknown	IPEDS award-level classification for the institution.	No matching IPEDS institution
master_section	table	10	size	varchar	master_material	`ANY_VALUE(master_material.size)`	unknown	IPEDS institutional enrollment-size classification used for reporting.	No matching IPEDS institution
master_section	table	11	sector	varchar	master_material	`ANY_VALUE(master_material.sector)`	unknown	IPEDS sector classification for the institution.	No matching IPEDS institution
master_section	table	12	institution_name	varchar	master_material	`ANY_VALUE(master_material.institution_name)`	Example University	Canonical institution name supplied by IPEDS.	No matching IPEDS institution
master_section	table	13	institution_type	varchar	master_material	`ANY_VALUE(master_material.institution_type)`	unknown	Derived institution type used for reporting groups.	No matching institution/type
master_section	table	14	enrollment_2024	integer	master_material	`ANY_VALUE(master_material.enrollment_2024)`	42	Total institutional enrollment reported to IPEDS for 2024.	No matching IPEDS value
master_section	table	15	distance_enrollment_2024	integer	master_material	`ANY_VALUE(master_material.distance_enrollment_2024)`	42	IPEDS 2024 students enrolled in distance education.	No matching IPEDS value
master_section	table	16	school	varchar	master_material	`mode()` of non-NULL `master_material` value	Example University	Institution or school name attached to the course.	No source value
master_section	table	17	department	varchar	master_material	`mode()` of non-NULL `master_material` value	Biology	Academic department responsible for the course.	No source value
master_section	table	18	course_number	varchar	master_material	`mode()` of non-NULL `master_material` value	101	Catalog number identifying the course within its department.	No source value
master_section	table	19	section	varchar	master_material	`mode()` of non-NULL `master_material` value	001	Source code distinguishing sections of the same course.	No source value
master_section	table	20	course_title	varchar	master_material	`mode()` of non-NULL `master_material` value	Introduction to Biology	Official title assigned to the course.	No source value
master_section	table	21	course_level	varchar	master_material	Section-canonical value inherited through `master_material`	Introductory or general undergraduate	Instructional level assigned to the course.	No source value
master_section	table	22	course_subject	varchar	master_material	`mode()` of non-NULL `master_material` value	BIO	Subject area assigned to the course.	No source value
master_section	table	23	material_count	bigint	master_material	`COUNT(*)` over deduplicated `master_material`	42	Canonical course-material items within the section.	Never NULL/zero
master_section	table	24	required_count	bigint	master_material	Count where `is_required_inferred`	42	Required materials within the canonical section.	Zero means none
master_section	table	25	optional_count	bigint	master_material	Count where not `is_required_inferred`	42	Optional or recommended materials within the section.	Zero means none
master_section	table	26	has_course_material_use	boolean	master_material	Constant true for retained sections	TRUE	Whether the section contains retained canonical materials.	Never false
master_section	table	27	course_material_use_count	bigint	master_material	Canonical item count (= `material_count`)	42	Canonical included materials within the retained section.	Never zero
master_section	table	28	course_material_no_use_count	bigint	master_material	`ANY_VALUE(master_material.section_course_material_no_use_count)`	42	Excluded canonical items audited within retained sections.	Zero means none
master_section	table	29	no_details_count	bigint	master_material	`ANY_VALUE(master_material.section_no_details_count)`	42	No-details canonical items audited within retained sections.	Zero means marker absent
master_section	table	30	no_materials_count	bigint	master_material	`ANY_VALUE(master_material.section_no_materials_count)`	42	No-materials canonical items audited within retained sections.	Zero means marker absent
master_section	table	31	is_canada	boolean	master_material	`ANY_VALUE(master_material.is_section_canada)`	TRUE	Whether retained sections contain Canadian canonical items.	False means no Canadian item
master_section	table	32	is_supply	boolean	master_material	`ANY_VALUE(master_material.is_section_supply)`	TRUE	Whether retained sections contain classified supply canonical items.	False means no supply item
master_section	table	33	supply_count	bigint	master_material	`ANY_VALUE(master_material.section_supply_count)`	42	Supply canonical items audited within retained sections.	Zero means none
master_section	table	34	is_oer	boolean	master_material	`BOOL_OR(is_oer)` over `master_material`, coalesced false	TRUE	Whether the material is an open educational resource.	False means no classified OER
master_section	table	35	is_ia	boolean	master_material	`BOOL_OR(is_ia)` over `master_material`, coalesced false	TRUE	Whether the material uses inclusive access.	False means no classified IA
master_section	table	36	oer_count	bigint	master_material	Count of Items with `is_oer=true`	42	Open-resource materials within the aggregation group.	Zero means none
master_section	table	37	ia_count	bigint	master_material	Count of Items with `is_ia=true`	42	Inclusive-access materials within the aggregation group.	Zero means none
master_section	table	38	publishers	varchar[]	master_material	`LIST(DISTINCT publisher)` for non-NULL publishers	['alpha', 'beta']	Distinct publishers represented by the section materials.	No item publisher
master_section	table	39	required_publishers	varchar[]	master_material	Distinct publisher list where required	['alpha', 'beta']	Distinct publishers of required materials within the section.	No required publisher
master_section	table	40	required_publisher_count	bigint	master_material	Distinct publisher count where required	42	Distinct publishers of required materials within the section.	Zero means none
master_section	table	41	optional_publisher_count	bigint	master_material	Distinct publisher count where optional	42	Distinct publishers of optional materials within the section.	Zero means none
master_section	table	42	enrollments	integer	master_material	Section-canonical value inherited through `master_material`	42	Enrollment reported directly for the course section.	Unavailable
master_section	table	43	seats_taken	integer	master_material	Section-canonical value inherited through `master_material`; raw 9999 retained	42	Occupied seats reported for the course section.	Unavailable
master_section	table	44	has_isbn	boolean	master_material	`BOOL_OR(has_isbn)` over Items	TRUE	Whether the material has a non-NULL ISBN.	True under current Use contract
master_section	table	45	has_formattype	boolean	master_material	`BOOL_OR(has_formattype)` over Items	TRUE	Whether the material has a nonblank FormatType classification.	False means no nonblank FormatType
master_section	table	46	isbn_count	bigint	master_material	Count of Items with ISBN (= `material_count` currently)	42	ISBN-bearing materials within the aggregation group.	Never zero
master_section	table	47	classified_count	bigint	master_material	Count of Items with nonblank FormatType	42	Materials having a nonblank FormatType classification.	Zero means none
master_section	table	48	has_enrollment	boolean	master_material	Section-canonical flag inherited through `master_material`	TRUE	Whether usable enrollment information is available.	Never NULL
master_section	table	49	has_enrollment_sibling	boolean	master_material	Full-population section flag inherited through `master_material`	TRUE	Whether a sibling section reports enrollment.	Never NULL
master_section	table	50	has_enrollment_own_seats	boolean	master_material	Section-canonical flag inherited through `master_material`	TRUE	Whether the section reports usable occupied seats.	Never NULL
master_section	table	51	has_enrollment_sibling_seats	boolean	master_material	Full-population section flag inherited through `master_material`	TRUE	Whether a sibling section reports usable occupied seats.	Never NULL
master_section	table	52	enrollment_assigned	integer	master_material	First available own enrollment, own seats, sibling medians, control×level median, level median	42	Best available section enrollment from the assignment ladder.	No rung; source is `none`
master_section	table	53	enrollment_source	varchar	master_material	Section-canonical label inherited through `master_material`	own	Assignment-ladder rung that supplied the section enrollment.	Never NULL; values `own`, `own_seats`, `sibling_enroll`, `sibling_seats`, `class_median`, `level_median`, `none`
master_section	table	54	is_required_direct	boolean	master_material	`BOOL_OR(is_section_required_direct)` over retained items	TRUE	Whether direct required evidence is present at the relation grain.	False means no nonsupply literal-required item in the section
master_section	table	55	required_price_min	decimal(38,2)	master_material	`SUM(master_material.price_min) FILTER (WHERE is_required_inferred)`	12.34	Lower all-offer price bound for required materials.	No required item, or every required item price is NULL
master_section	table	56	required_price_avg	double	master_material	`(required_price_min + required_price_max) / 2.0`	12.34	Legacy-named midrange of required price bounds.	Either bound is NULL
master_section	table	57	required_price_max	decimal(38,2)	master_material	`SUM(master_material.price_max) FILTER (WHERE is_required_inferred)`	12.34	Upper all-offer price bound for required materials.	No required item, or every required item price is NULL
master_section	table	58	required_price_buy_min	decimal(38,2)	master_material	`SUM(master_material.price_buy_min) FILTER (WHERE is_required_inferred)`	12.34	Lower buy-only price bound for required materials.	No required item, or every required buy price is NULL
master_section	table	59	required_price_buy_max	decimal(38,2)	master_material	`SUM(master_material.price_buy_max) FILTER (WHERE is_required_inferred)`	12.34	Upper buy-only price bound for required materials.	No required item, or every required buy price is NULL
master_section	table	60	all_price_min	decimal(38,2)	master_material	`SUM(master_material.price_min)`	12.34	Lower all-offer price bound for all-item materials.	Every item price is NULL
master_section	table	61	all_price_avg	double	master_material	`(all_price_min + all_price_max) / 2.0`	12.34	Legacy-named midrange of all-item price bounds.	Either bound is NULL
master_section	table	62	all_price_max	decimal(38,2)	master_material	`SUM(master_material.price_max)`	12.34	Upper all-offer price bound for all-item materials.	Every item price is NULL
master_section	table	63	all_price_buy_min	decimal(38,2)	master_material	`SUM(master_material.price_buy_min)`	12.34	Lower buy-only price bound for all-item materials.	Every item buy price is NULL
master_section	table	64	all_price_buy_max	decimal(38,2)	master_material	`SUM(master_material.price_buy_max)`	12.34	Upper buy-only price bound for all-item materials.	Every item buy price is NULL
master_section	table	65	required_priced_count	bigint	master_material	Required Items with non-NULL `price_min`	42	Required materials having at least one valid price.	Zero means none
master_section	table	66	optional_priced_count	bigint	master_material	Optional Items with non-NULL `price_min`	42	Optional materials having at least one valid price.	Zero means none
master_section	table	67	bookstore_url	varchar	master_material	Deterministic modal nonblank `master_material.bookstore_url`: count DESC, URL ASC	https://bookstore.example.edu/item/123	Bookstore URL selected across canonical section items.	No nonblank item URL
master_course	view	1	course_id	varchar	master_section	`master_section.course_id` group key.	1001::BIO::101	Stable identifier for the institution-level course offering.	Not produced.
master_course	view	2	period_sortable	varchar	master_section	`master_section.period_sortable` group key.	2025-4	Sortable academic term code used for chronological ordering.	Not produced.
master_course	view	3	period	varchar	master_section	`ANY_VALUE(master_section.period)` by course-term.	Fall 2025	Human-readable academic term label from the source.	No section has a nonmissing value.
master_course	view	4	period_date	date	master_section	`ANY_VALUE(master_section.period_date)` by course-term.	2025-10-01	Canonical starting date assigned to the academic term.	No section has a nonmissing value.
master_course	view	5	unit_id	bigint	master_section	`ANY_VALUE(master_section.unit_id)` by course-term.	1001	IPEDS institution identifier used throughout the pipeline.	No section has a nonmissing value.
master_course	view	6	state	varchar	master_section	`ANY_VALUE(master_section.state)` by course-term.	CA	State or province code for the institution.	No section has a nonmissing value.
master_course	view	7	control	varchar	master_section	`ANY_VALUE(master_section.control)` by course-term.	unknown	Institution ownership and governance classification used for reporting.	No section has a nonmissing value.
master_course	view	8	level	varchar	master_section	`ANY_VALUE(master_section.level)` by course-term.	unknown	IPEDS award-level classification for the institution.	No section has a nonmissing value.
master_course	view	9	size	varchar	master_section	`ANY_VALUE(master_section.size)` by course-term.	unknown	IPEDS institutional enrollment-size classification used for reporting.	No section has a nonmissing value.
master_course	view	10	sector	varchar	master_section	`ANY_VALUE(master_section.sector)` by course-term.	unknown	IPEDS sector classification for the institution.	No section has a nonmissing value.
master_course	view	11	institution_name	varchar	master_section	`ANY_VALUE(master_section.institution_name)` by course-term.	Example University	Canonical institution name supplied by IPEDS.	No section has a nonmissing value.
master_course	view	12	institution_type	varchar	master_section	`ANY_VALUE(master_section.institution_type)` by course-term.	unknown	Derived institution type used for reporting groups.	No section has a nonmissing value.
master_course	view	13	enrollment_2024	integer	master_section	`ANY_VALUE(master_section.enrollment_2024)` by course-term.	42	Total institutional enrollment reported to IPEDS for 2024.	No section has a nonmissing value.
master_course	view	14	distance_enrollment_2024	integer	master_section	`ANY_VALUE(master_section.distance_enrollment_2024)` by course-term.	42	IPEDS 2024 students enrolled in distance education.	No section has a nonmissing value.
master_course	view	15	school	varchar	master_section	`mode(master_section.school)` by course-term.	Example University	Institution or school name attached to the course.	No section has a nonmissing value.
master_course	view	16	department	varchar	master_section	`mode(master_section.department)` by course-term.	Biology	Academic department responsible for the course.	No section has a nonmissing value.
master_course	view	17	course_number	varchar	master_section	`mode(master_section.course_number)` by course-term.	101	Catalog number identifying the course within its department.	No section has a nonmissing value.
master_course	view	18	course_title	varchar	master_section	`mode(master_section.course_title)` by course-term.	Introduction to Biology	Official title assigned to the course.	No section has a nonmissing value.
master_course	view	19	course_level	varchar	master_section	`mode(master_section.course_level)` by course-term.	Introductory or general undergraduate	Instructional level assigned to the course.	No section has a nonmissing value.
master_course	view	20	course_subject	varchar	master_section	`mode(master_section.course_subject)` by course-term.	BIO	Subject area assigned to the course.	No section has a nonmissing value.
master_course	view	21	section_count	bigint	master_section	`COUNT(DISTINCT section_id)` over `master_section`.	42	Distinct material-bearing sections within the aggregation group.	Never NULL for a retained group.
master_course	view	22	enrollment_total	hugeint	master_section	`SUM(master_section.enrollments)` over `master_section`. Uses raw `master_section.enrollments`, without imputation.	42	Reported enrollment summed across the course sections.	No contributing nonmissing values.
master_course	view	23	seats_taken_total	hugeint	master_section	`SUM(seats_taken)` over `master_section`.	42	Reported occupied seats summed across course sections.	No contributing nonmissing values.
master_course	view	24	total_materials	hugeint	master_section	`SUM(material_count)` over `master_section`.	42	Canonical materials summed across all course sections.	Never NULL for a retained group.
master_course	view	25	total_required	hugeint	master_section	`SUM(required_count)` over `master_section`.	42	Required materials summed across all course sections.	Never NULL for a retained group.
master_course	view	26	total_optional	hugeint	master_section	`SUM(optional_count)` over `master_section`.	42	Optional materials summed across all course sections.	Never NULL for a retained group.
master_course	view	27	is_oer	boolean	master_section	`COALESCE(BOOL_OR(is_oer), FALSE)` over `master_section`.	TRUE	Whether the material is an open educational resource.	Never NULL for a retained group.
master_course	view	28	is_ia	boolean	master_section	`COALESCE(BOOL_OR(is_ia), FALSE)` over `master_section`.	TRUE	Whether the material uses inclusive access.	Never NULL for a retained group.
master_course	view	29	oer_count	hugeint	master_section	`SUM(oer_count)` over `master_section`.	42	Open-resource materials within the aggregation group.	Never NULL for a retained group.
master_course	view	30	ia_count	hugeint	master_section	`SUM(ia_count)` over `master_section`.	42	Inclusive-access materials within the aggregation group.	Never NULL for a retained group.
master_course	view	31	has_isbn	boolean	master_section	`COALESCE(BOOL_OR(has_isbn), FALSE)` over `master_section`.	TRUE	Whether the material has a non-NULL ISBN.	Never NULL for a retained group.
master_course	view	32	has_formattype	boolean	master_section	`COALESCE(BOOL_OR(has_formattype), FALSE)` over `master_section`.	TRUE	Whether the material has a nonblank FormatType classification.	Never NULL for a retained group.
master_course	view	33	isbn_count	hugeint	master_section	`SUM(isbn_count)` over `master_section`.	42	ISBN-bearing materials within the aggregation group.	Never NULL for a retained group.
master_course	view	34	classified_count	hugeint	master_section	`SUM(classified_count)` over `master_section`.	42	Materials having a nonblank FormatType classification.	Never NULL for a retained group.
master_course	view	35	has_enrollment_sections	bigint	master_section	`COUNT(*) FILTER (WHERE has_enrollment)` over `master_section`.	42	Course sections reporting their own enrollment value.	Never NULL for a retained group.
master_course	view	36	has_enrollment_sibling_sections	bigint	master_section	`COUNT(*) FILTER (WHERE has_enrollment_sibling)` over `master_section`.	42	Course sections with sibling enrollment evidence.	Never NULL for a retained group.
master_course	view	37	has_enrollment_own_seats_sections	bigint	master_section	`COUNT(*) FILTER (WHERE has_enrollment_own_seats)` over `master_section`.	42	Course sections reporting usable occupied-seat values.	Never NULL for a retained group.
master_course	view	38	has_enrollment_sibling_seats_sections	bigint	master_section	`COUNT(*) FILTER (WHERE has_enrollment_sibling_seats)` over `master_section`.	42	Course sections with sibling occupied-seat evidence.	Never NULL for a retained group.
master_course	view	39	all_publishers	varchar[][]	master_section	`LIST(publishers) FILTER (WHERE publishers IS NOT NULL)` over `master_section`.	[['alpha', 'beta'], ['gamma']]	Publisher lists collected across aggregated course sections.	No contributing nonmissing values.
master_course	view	40	unique_required_publishers	hugeint	master_section	`SUM(required_publisher_count); sum of per-section distinct counts, not course-wide distinct publishers` over `master_section`.	42	Sum of section-level distinct required-publisher counts.	Never NULL for a retained group.
master_course	view	41	required_price_min	decimal(38,2)	master_section	`MIN(master_section.required_price_min)` across course sections.	12.34	Lowest section-level required all-offer price bound.	No contributing section has a non-NULL required all-offer min bound.
master_course	view	42	required_price_avg	double	master_section	`(MIN(master_section.required_price_min) + MAX(master_section.required_price_max)) / 2.0`; never AVG of section midranges.	12.34	Midrange of course required-price bounds, not mean.	Either course-level bound is NULL.
master_course	view	43	required_price_max	decimal(38,2)	master_section	`MAX(master_section.required_price_max)` across course sections.	12.34	Highest section-level required all-offer price bound.	No contributing section has a non-NULL required all-offer max bound.
master_course	view	44	required_price_buy_min	decimal(38,2)	master_section	`MIN(master_section.required_price_buy_min)` across course sections.	12.34	Lowest section-level required buy-only price bound.	No contributing section has a non-NULL required buy-only min bound.
master_course	view	45	required_price_buy_max	decimal(38,2)	master_section	`MAX(master_section.required_price_buy_max)` across course sections.	12.34	Highest section-level required buy-only price bound.	No contributing section has a non-NULL required buy-only max bound.
master_course	view	46	all_price_min	decimal(38,2)	master_section	`MIN(master_section.all_price_min)` across course sections.	12.34	Lowest section-level all-item all-offer price bound.	No contributing section has a non-NULL all all-offer min bound.
master_course	view	47	all_price_avg	double	master_section	`(MIN(master_section.all_price_min) + MAX(master_section.all_price_max)) / 2.0`; never AVG of section midranges.	12.34	Midrange of course all-item price bounds, not mean.	Either course-level bound is NULL.
master_course	view	48	all_price_max	decimal(38,2)	master_section	`MAX(master_section.all_price_max)` across course sections.	12.34	Highest section-level all-item all-offer price bound.	No contributing section has a non-NULL all all-offer max bound.
master_course	view	49	all_price_buy_min	decimal(38,2)	master_section	`MIN(master_section.all_price_buy_min)` across course sections.	12.34	Lowest section-level all-item buy-only price bound.	No contributing section has a non-NULL all buy-only min bound.
master_course	view	50	all_price_buy_max	decimal(38,2)	master_section	`MAX(master_section.all_price_buy_max)` across course sections.	12.34	Highest section-level all-item buy-only price bound.	No contributing section has a non-NULL all buy-only max bound.
sample_section_us_intro_fall2025	view	1	section_id	varchar	master_section	Inherited `master_section.section_id` via `SELECT *`.	1001::BIO::101::001::2025-4	Period-specific identifier for the distinct section offering.	Never NULL
sample_section_us_intro_fall2025	view	2	course_id	varchar	master_section	Inherited `master_section.course_id` via `SELECT *`.	1001::BIO::101	Stable identifier for the institution-level course offering.	Missing segments are `UNKNOWN`
sample_section_us_intro_fall2025	view	3	period	varchar	master_section	Inherited `master_section.period` via `SELECT *`.	Fall 2025	Human-readable academic term label from the source.	Valid sortable period required
sample_section_us_intro_fall2025	view	4	period_sortable	varchar	master_section	Inherited `master_section.period_sortable` via `SELECT *`.	2025-4	Sortable academic term code used for chronological ordering.	Never NULL; required by the sample filter.
sample_section_us_intro_fall2025	view	5	period_date	date	master_section	Inherited `master_section.period_date` via `SELECT *`.	2025-10-01	Canonical starting date assigned to the academic term.	Not NULL in retained scope
sample_section_us_intro_fall2025	view	6	unit_id	bigint	master_section	Inherited `master_section.unit_id` via `SELECT *`.	1001	IPEDS institution identifier used throughout the pipeline.	Missing institution ID
sample_section_us_intro_fall2025	view	7	state	varchar	master_section	Inherited `master_section.state` via `SELECT *`.	CA	State or province code for the institution.	Never NULL; SQL `NOT IN ('CAN', '')` excludes NULL and the exact values `''` and `CAN` without trimming.
sample_section_us_intro_fall2025	view	8	control	varchar	master_section	Inherited `master_section.control` via `SELECT *`.	unknown	Institution ownership and governance classification used for reporting.	No matching IPEDS institution
sample_section_us_intro_fall2025	view	9	level	varchar	master_section	Inherited `master_section.level` via `SELECT *`.	unknown	IPEDS award-level classification for the institution.	No matching IPEDS institution
sample_section_us_intro_fall2025	view	10	size	varchar	master_section	Inherited `master_section.size` via `SELECT *`.	unknown	IPEDS institutional enrollment-size classification used for reporting.	No matching IPEDS institution
sample_section_us_intro_fall2025	view	11	sector	varchar	master_section	Inherited `master_section.sector` via `SELECT *`.	unknown	IPEDS sector classification for the institution.	No matching IPEDS institution
sample_section_us_intro_fall2025	view	12	institution_name	varchar	master_section	Inherited `master_section.institution_name` via `SELECT *`.	Example University	Canonical institution name supplied by IPEDS.	No matching IPEDS institution
sample_section_us_intro_fall2025	view	13	institution_type	varchar	master_section	Inherited `master_section.institution_type` via `SELECT *`.	unknown	Derived institution type used for reporting groups.	No matching institution/type
sample_section_us_intro_fall2025	view	14	enrollment_2024	integer	master_section	Inherited `master_section.enrollment_2024` via `SELECT *`.	42	Total institutional enrollment reported to IPEDS for 2024.	No matching IPEDS value
sample_section_us_intro_fall2025	view	15	distance_enrollment_2024	integer	master_section	Inherited `master_section.distance_enrollment_2024` via `SELECT *`.	42	IPEDS 2024 students enrolled in distance education.	No matching IPEDS value
sample_section_us_intro_fall2025	view	16	school	varchar	master_section	Inherited `master_section.school` via `SELECT *`.	Example University	Institution or school name attached to the course.	No source value
sample_section_us_intro_fall2025	view	17	department	varchar	master_section	Inherited `master_section.department` via `SELECT *`.	Biology	Academic department responsible for the course.	No source value
sample_section_us_intro_fall2025	view	18	course_number	varchar	master_section	Inherited `master_section.course_number` via `SELECT *`.	101	Catalog number identifying the course within its department.	No source value
sample_section_us_intro_fall2025	view	19	section	varchar	master_section	Inherited `master_section.section` via `SELECT *`.	001	Source code distinguishing sections of the same course.	No source value
sample_section_us_intro_fall2025	view	20	course_title	varchar	master_section	Inherited `master_section.course_title` via `SELECT *`.	Introduction to Biology	Official title assigned to the course.	No source value
sample_section_us_intro_fall2025	view	21	course_level	varchar	master_section	Inherited `master_section.course_level` via `SELECT *`.	Introductory or general undergraduate	Instructional level assigned to the course.	Never NULL; required by the sample filter.
sample_section_us_intro_fall2025	view	22	course_subject	varchar	master_section	Inherited `master_section.course_subject` via `SELECT *`.	BIO	Subject area assigned to the course.	No source value
sample_section_us_intro_fall2025	view	23	material_count	bigint	master_section	Inherited `master_section.material_count` via `SELECT *`.	42	Canonical course-material items within the section.	Never NULL/zero
sample_section_us_intro_fall2025	view	24	required_count	bigint	master_section	Inherited `master_section.required_count` via `SELECT *`.	42	Required materials within the canonical section.	Never NULL; the sample filter requires `required_count >= 1`.
sample_section_us_intro_fall2025	view	25	optional_count	bigint	master_section	Inherited `master_section.optional_count` via `SELECT *`.	42	Optional or recommended materials within the section.	Zero means none
sample_section_us_intro_fall2025	view	26	has_course_material_use	boolean	master_section	Inherited `master_section.has_course_material_use` via `SELECT *`.	TRUE	Whether the section contains retained canonical materials.	Never false
sample_section_us_intro_fall2025	view	27	course_material_use_count	bigint	master_section	Inherited `master_section.course_material_use_count` via `SELECT *`.	42	Canonical included materials within the retained section.	Never zero
sample_section_us_intro_fall2025	view	28	course_material_no_use_count	bigint	master_section	Inherited `master_section.course_material_no_use_count` via `SELECT *`.	42	Excluded material rows co-occurring with retained sections.	Zero means none
sample_section_us_intro_fall2025	view	29	no_details_count	bigint	master_section	Inherited `master_section.no_details_count` via `SELECT *`.	42	No-details placeholder rows co-occurring with retained sections.	Zero means marker absent
sample_section_us_intro_fall2025	view	30	no_materials_count	bigint	master_section	Inherited `master_section.no_materials_count` via `SELECT *`.	42	No-materials placeholder rows co-occurring with retained sections.	Zero means marker absent
sample_section_us_intro_fall2025	view	31	is_canada	boolean	master_section	Inherited `master_section.is_canada` via `SELECT *`.	TRUE	Whether the source row belongs to Canada.	False means no Canadian item
sample_section_us_intro_fall2025	view	32	is_supply	boolean	master_section	Inherited `master_section.is_supply` via `SELECT *`.	TRUE	Whether the material is classified as a course supply.	False means no supply item
sample_section_us_intro_fall2025	view	33	supply_count	bigint	master_section	Inherited `master_section.supply_count` via `SELECT *`.	42	Classified supply rows co-occurring with retained sections.	Zero means none
sample_section_us_intro_fall2025	view	34	is_oer	boolean	master_section	Inherited `master_section.is_oer` via `SELECT *`.	TRUE	Whether the material is an open educational resource.	False means no classified OER
sample_section_us_intro_fall2025	view	35	is_ia	boolean	master_section	Inherited `master_section.is_ia` via `SELECT *`.	TRUE	Whether the material uses inclusive access.	False means no classified IA
sample_section_us_intro_fall2025	view	36	oer_count	bigint	master_section	Inherited `master_section.oer_count` via `SELECT *`.	42	Open-resource materials within the aggregation group.	Zero means none
sample_section_us_intro_fall2025	view	37	ia_count	bigint	master_section	Inherited `master_section.ia_count` via `SELECT *`.	42	Inclusive-access materials within the aggregation group.	Zero means none
sample_section_us_intro_fall2025	view	38	publishers	varchar[]	master_section	Inherited `master_section.publishers` via `SELECT *`.	['alpha', 'beta']	Distinct publishers represented by the section materials.	No item publisher
sample_section_us_intro_fall2025	view	39	required_publishers	varchar[]	master_section	Inherited `master_section.required_publishers` via `SELECT *`.	['alpha', 'beta']	Distinct publishers of required materials within the section.	No required publisher
sample_section_us_intro_fall2025	view	40	required_publisher_count	bigint	master_section	Inherited `master_section.required_publisher_count` via `SELECT *`.	42	Distinct publishers of required materials within the section.	Zero means none
sample_section_us_intro_fall2025	view	41	optional_publisher_count	bigint	master_section	Inherited `master_section.optional_publisher_count` via `SELECT *`.	42	Distinct publishers of optional materials within the section.	Zero means none
sample_section_us_intro_fall2025	view	42	enrollments	integer	master_section	Inherited `master_section.enrollments` via `SELECT *`.	42	Enrollment reported directly for the course section.	Unavailable
sample_section_us_intro_fall2025	view	43	seats_taken	integer	master_section	Inherited `master_section.seats_taken` via `SELECT *`.	42	Occupied seats reported for the course section.	Unavailable
sample_section_us_intro_fall2025	view	44	has_isbn	boolean	master_section	Inherited `master_section.has_isbn` via `SELECT *`.	TRUE	Whether the material has a non-NULL ISBN.	True under current Use contract
sample_section_us_intro_fall2025	view	45	has_formattype	boolean	master_section	Inherited `master_section.has_formattype` via `SELECT *`.	TRUE	Whether the material has a nonblank FormatType classification.	False means no nonblank FormatType
sample_section_us_intro_fall2025	view	46	isbn_count	bigint	master_section	Inherited `master_section.isbn_count` via `SELECT *`.	42	ISBN-bearing materials within the aggregation group.	Never zero
sample_section_us_intro_fall2025	view	47	classified_count	bigint	master_section	Inherited `master_section.classified_count` via `SELECT *`.	42	Materials having a nonblank FormatType classification.	Zero means none
sample_section_us_intro_fall2025	view	48	has_enrollment	boolean	master_section	Inherited `master_section.has_enrollment` via `SELECT *`.	TRUE	Whether usable enrollment information is available.	Never NULL
sample_section_us_intro_fall2025	view	49	has_enrollment_sibling	boolean	master_section	Inherited `master_section.has_enrollment_sibling` via `SELECT *`.	TRUE	Whether a sibling section reports enrollment.	Never NULL
sample_section_us_intro_fall2025	view	50	has_enrollment_own_seats	boolean	master_section	Inherited `master_section.has_enrollment_own_seats` via `SELECT *`.	TRUE	Whether the section reports usable occupied seats.	Never NULL
sample_section_us_intro_fall2025	view	51	has_enrollment_sibling_seats	boolean	master_section	Inherited `master_section.has_enrollment_sibling_seats` via `SELECT *`.	TRUE	Whether a sibling section reports usable occupied seats.	Never NULL
sample_section_us_intro_fall2025	view	52	enrollment_assigned	integer	master_section	Inherited `master_section.enrollment_assigned` via `SELECT *`.	42	Best available section enrollment from the assignment ladder.	No rung; source is `none`
sample_section_us_intro_fall2025	view	53	enrollment_source	varchar	master_section	Inherited `master_section.enrollment_source` via `SELECT *`.	own	Assignment-ladder rung that supplied the section enrollment.	Never NULL; values `own`, `own_seats`, `sibling_enroll`, `sibling_seats`, `class_median`, `level_median`, `none`
sample_section_us_intro_fall2025	view	54	is_required_direct	boolean	master_section	Inherited `master_section.is_required_direct` via `SELECT *`.	TRUE	Whether direct required evidence is present at the relation grain.	False means no nonsupply literal-required item in the section
sample_section_us_intro_fall2025	view	55	required_price_min	decimal(38,2)	master_section	Inherited `master_section.required_price_min` via `SELECT *`.	12.34	Lower all-offer price bound for required materials.	No required item, or every required item price is NULL
sample_section_us_intro_fall2025	view	56	required_price_avg	double	master_section	Inherited `master_section.required_price_avg` via `SELECT *`.	12.34	Legacy-named midrange of required price bounds.	Either bound is NULL
sample_section_us_intro_fall2025	view	57	required_price_max	decimal(38,2)	master_section	Inherited `master_section.required_price_max` via `SELECT *`.	12.34	Upper all-offer price bound for required materials.	No required item, or every required item price is NULL
sample_section_us_intro_fall2025	view	58	required_price_buy_min	decimal(38,2)	master_section	Inherited `master_section.required_price_buy_min` via `SELECT *`.	12.34	Lower buy-only price bound for required materials.	No required item, or every required buy price is NULL
sample_section_us_intro_fall2025	view	59	required_price_buy_max	decimal(38,2)	master_section	Inherited `master_section.required_price_buy_max` via `SELECT *`.	12.34	Upper buy-only price bound for required materials.	No required item, or every required buy price is NULL
sample_section_us_intro_fall2025	view	60	all_price_min	decimal(38,2)	master_section	Inherited `master_section.all_price_min` via `SELECT *`.	12.34	Lower all-offer price bound for all-item materials.	Every item price is NULL
sample_section_us_intro_fall2025	view	61	all_price_avg	double	master_section	Inherited `master_section.all_price_avg` via `SELECT *`.	12.34	Legacy-named midrange of all-item price bounds.	Either bound is NULL
sample_section_us_intro_fall2025	view	62	all_price_max	decimal(38,2)	master_section	Inherited `master_section.all_price_max` via `SELECT *`.	12.34	Upper all-offer price bound for all-item materials.	Every item price is NULL
sample_section_us_intro_fall2025	view	63	all_price_buy_min	decimal(38,2)	master_section	Inherited `master_section.all_price_buy_min` via `SELECT *`.	12.34	Lower buy-only price bound for all-item materials.	Every item buy price is NULL
sample_section_us_intro_fall2025	view	64	all_price_buy_max	decimal(38,2)	master_section	Inherited `master_section.all_price_buy_max` via `SELECT *`.	12.34	Upper buy-only price bound for all-item materials.	Every item buy price is NULL
sample_section_us_intro_fall2025	view	65	required_priced_count	bigint	master_section	Inherited `master_section.required_priced_count` via `SELECT *`.	42	Required materials having at least one valid price.	Zero means none
sample_section_us_intro_fall2025	view	66	optional_priced_count	bigint	master_section	Inherited `master_section.optional_priced_count` via `SELECT *`.	42	Optional materials having at least one valid price.	Zero means none
sample_section_us_intro_fall2025	view	67	bookstore_url	varchar	master_section	Inherited `master_section.bookstore_url` via `SELECT *`.	https://bookstore.example.edu/item/123	Bookstore page providing the observed material prices.	No nonblank item URL
master_institution	table	1	period_sortable	varchar	master_section	Institution-rollup group key from `master_section.period_sortable`.	2025-4	Sortable academic term code used for chronological ordering.	`unit_id` is NULL for the explicit unmatched-institution bucket; period is required.
master_institution	table	2	unit_id	bigint	master_section	Institution-rollup group key from `master_section.unit_id`.	1001	IPEDS institution identifier used throughout the pipeline.	`unit_id` is NULL for the explicit unmatched-institution bucket; period is required.
master_institution	table	3	state	varchar	master_section	`ANY_VALUE(master_section.state)`; IPEDS attributes are institution-grain.	CA	State or province code for the institution.	No matching IPEDS/source institution value.
master_institution	table	4	control	varchar	master_section	`ANY_VALUE(master_section.control)`; IPEDS attributes are institution-grain.	unknown	Institution ownership and governance classification used for reporting.	No matching IPEDS/source institution value.
master_institution	table	5	level	varchar	master_section	`ANY_VALUE(master_section.level)`; IPEDS attributes are institution-grain.	unknown	IPEDS award-level classification for the institution.	No matching IPEDS/source institution value.
master_institution	table	6	size	varchar	master_section	`ANY_VALUE(master_section.size)`; IPEDS attributes are institution-grain.	unknown	IPEDS institutional enrollment-size classification used for reporting.	No matching IPEDS/source institution value.
master_institution	table	7	institution_name	varchar	master_section	`ANY_VALUE(master_section.institution_name)`; IPEDS attributes are institution-grain.	Example University	Canonical institution name supplied by IPEDS.	No matching IPEDS/source institution value.
master_institution	table	8	institution_type	varchar	master_section	`ANY_VALUE(master_section.institution_type)`; IPEDS attributes are institution-grain.	unknown	Derived institution type used for reporting groups.	No matching IPEDS/source institution value.
master_institution	table	9	enrollment_2024	integer	master_section	`ANY_VALUE(master_section.enrollment_2024)`; IPEDS attributes are institution-grain.	42	Total institutional enrollment reported to IPEDS for 2024.	No matching IPEDS/source institution value.
master_institution	table	10	distance_enrollment_2024	integer	master_section	`ANY_VALUE(master_section.distance_enrollment_2024)`; IPEDS attributes are institution-grain.	42	IPEDS 2024 students enrolled in distance education.	No matching IPEDS/source institution value.
master_institution	table	11	bookstore_url	varchar	master_section	Most frequent nonblank `master_section.bookstore_url` for the same term×institution; lexical tie-break.	https://bookstore.example.edu/item/123	Bookstore URL chosen from material-bearing sections.	No nonblank section URL, or unit_id is NULL.
master_institution	table	12	section_count	bigint	master_section	`COUNT(*)` across material-bearing sections.	42	Distinct material-bearing sections within the aggregation group.	Never NULL; zero means no qualifying section/course.
master_institution	table	13	advanced_graduate_section_count	bigint	master_section	`COUNT(*) FILTER (WHERE course_level = 'Advanced graduate')`.	42	Sections classified as advanced graduate.	Never NULL; zero means no section in this exact course-level category.
master_institution	table	14	advanced_graduate_directed_study_and_research_section_count	bigint	master_section	`COUNT(*) FILTER (WHERE course_level = 'Advanced graduate/ directed study and research')`.	42	Sections classified as advanced graduate directed study and research.	Never NULL; zero means no section in this exact course-level category.
master_institution	table	15	advanced_undergraduate_section_count	bigint	master_section	`COUNT(*) FILTER (WHERE course_level = 'Advanced undergraduate')`.	42	Sections classified as advanced undergraduate.	Never NULL; zero means no section in this exact course-level category.
master_institution	table	16	advanced_undergraduate_graduate_section_count	bigint	master_section	`COUNT(*) FILTER (WHERE course_level = 'Advanced undergraduate/ graduate')`.	42	Sections classified as advanced undergraduate or graduate.	Never NULL; zero means no section in this exact course-level category.
master_institution	table	17	general_graduate_section_count	bigint	master_section	`COUNT(*) FILTER (WHERE course_level = 'General graduate')`.	42	Sections classified as general graduate.	Never NULL; zero means no section in this exact course-level category.
master_institution	table	18	intermediate_undergraduate_section_count	bigint	master_section	`COUNT(*) FILTER (WHERE course_level = 'Intermediate undergraduate')`.	42	Sections classified as intermediate undergraduate.	Never NULL; zero means no section in this exact course-level category.
master_institution	table	19	introductory_or_general_undergraduate_section_count	bigint	master_section	`COUNT(*) FILTER (WHERE course_level = 'Introductory or general undergraduate')`.	42	Sections classified as introductory or general undergraduate.	Never NULL; zero means no section in this exact course-level category.
master_institution	table	20	non_degree_credit_section_count	bigint	master_section	`COUNT(*) FILTER (WHERE course_level = 'Non-degree credit')`.	42	Sections classified as non-degree credit.	Never NULL; zero means no section in this exact course-level category.
master_institution	table	21	uncategorized_section_count	bigint	master_section	`COUNT(*) FILTER (WHERE course_level = 'Uncategorized')`.	42	Sections classified as an uncategorized course level.	Never NULL; zero means no section in this exact course-level category.
master_institution	table	22	course_count	bigint	master_section	`COUNT(DISTINCT course_id)` across material-bearing sections.	42	Distinct courses represented by the institution-period group.	Never NULL; zero means no qualifying section/course.
master_institution	table	23	material_section_count	bigint	master_section	`COUNT(*) FILTER` over sections satisfying `material_count > 0`.	42	Institution sections containing at least one material.	Never NULL; zero means no qualifying section/course.
master_institution	table	24	required_section_count	bigint	master_section	`COUNT(*) FILTER` over sections satisfying supply-aware `master_section.is_required_direct`.	42	Institution sections with direct required-status evidence.	Never NULL; zero means no qualifying section/course.
master_institution	table	25	inferred_required_section_count	bigint	master_section	`COUNT(*) FILTER` over sections satisfying `required_count > 0`.	42	Institution sections containing inferred-required materials.	Never NULL; zero means no qualifying section/course.
master_institution	table	26	optional_section_count	bigint	master_section	`COUNT(*) FILTER` over sections satisfying `optional_count > 0`.	42	Institution sections containing optional materials.	Never NULL; zero means no qualifying section/course.
master_institution	table	27	supply_section_count	bigint	master_section	`COUNT(*) FILTER` over sections satisfying `supply_count > 0` sidecar evidence.	42	Institution sections with classified supply evidence.	Never NULL; zero means no qualifying section/course.
master_institution	table	28	oer_section_count	bigint	master_section	`COUNT(*) FILTER` over sections satisfying `oer_count > 0`.	42	Institution sections containing open-resource materials.	Never NULL; zero means no qualifying section/course.
master_institution	table	29	ia_section_count	bigint	master_section	`COUNT(*) FILTER` over sections satisfying `ia_count > 0`.	42	Institution sections containing inclusive-access materials.	Never NULL; zero means no qualifying section/course.
master_institution	table	30	required_priced_section_count	bigint	master_section	`COUNT(*) FILTER` over sections satisfying `required_priced_count > 0`.	42	Institution sections containing priced required materials.	Never NULL; zero means no qualifying section/course.
master_institution	table	31	optional_priced_section_count	bigint	master_section	`COUNT(*) FILTER` over sections satisfying `optional_priced_count > 0`.	42	Institution sections containing priced optional materials.	Never NULL; zero means no qualifying section/course.
master_institution	table	32	isbn_section_count	bigint	master_section	`COUNT(*) FILTER` over sections satisfying `isbn_count > 0`.	42	Institution sections containing at least one ISBN.	Never NULL; zero means no qualifying section/course.
master_institution	table	33	enrollment_section_count	bigint	master_section	`COUNT(*) FILTER` over sections satisfying `enrollment_assigned IS NOT NULL`.	42	Institution sections having an assigned enrollment value.	Never NULL; zero means no qualifying section/course.
master_institution	table	34	seats_taken_section_count	bigint	master_section	`COUNT(*) FILTER` over sections satisfying `seats_taken IS NOT NULL AND seats_taken < 9999`.	42	Institution sections reporting valid occupied-seat values.	Never NULL; zero means no qualifying section/course.
master_institution	table	35	enrollments_tot	hugeint	master_section	`SUM(enrollment_assigned)` across sections with assigned enrollment.	42	Assigned enrollment summed across the institution sections.	No section has assigned enrollment.
master_institution	table	36	seats_taken_tot	hugeint	master_section	`SUM(seats_taken) FILTER (WHERE seats_taken IS NOT NULL AND seats_taken < 9999)`.	42	Valid occupied seats summed across institution sections.	No section has valid reported seats; sentinel 9999 is excluded.
master_isbn	table	1	period_sortable	varchar	master_material	`master_material.period_sortable` group key.	2025-4	Sortable academic term code used for chronological ordering.	Not produced.
master_isbn	table	2	isbn13	bigint	master_material	`master_material.isbn13` group key.	9780000000002	Book or material identifier used for cross-source matching.	Not produced.
master_isbn	table	3	book_title	varchar	master_material	`ANY_VALUE(master_material.isbn_book_title)`; term×ISBN metadata is canonical upstream.	Introduction to Biology	Canonical title selected for the grouped ISBN.	No nonmissing canonical ISBN metadata.
master_isbn	table	4	author	varchar	master_material	`ANY_VALUE(master_material.isbn_author)`; term×ISBN metadata is canonical upstream.	A. Example	Author credited for the adopted course material.	No nonmissing canonical ISBN metadata.
master_isbn	table	5	publisher	varchar	master_material	`ANY_VALUE(master_material.isbn_publisher)`; term×ISBN metadata is canonical upstream.	Example Press	Publisher credited for the adopted course material.	No nonmissing canonical ISBN metadata.
master_isbn	table	6	is_oer	boolean	master_material	`COALESCE(BOOL_OR(master_material.is_oer), FALSE)`.	TRUE	Whether the material is an open educational resource.	Never NULL; false means no canonical ISBN row has the classification.
master_isbn	table	7	is_ia	boolean	master_material	`COALESCE(BOOL_OR(master_material.is_ia), FALSE)`.	TRUE	Whether the material uses inclusive access.	Never NULL; false means no canonical ISBN row has the classification.
master_isbn	table	8	is_supply	boolean	master_material	Constant FALSE: supplies are excluded from the canonical Use population.	FALSE	Whether the material is classified as a course supply.	Never NULL.
master_isbn	table	9	unit_id_count	bigint	master_material	`COUNT(DISTINCT unit_id)`.	42	Distinct institutions using the ISBN during the term.	Never NULL; zero means all values of that key are missing.
master_isbn	table	10	section_id_count	bigint	master_material	`COUNT(DISTINCT section_id)`.	42	Distinct sections using the ISBN during the term.	Never NULL; zero means all values of that key are missing.
master_isbn	table	11	course_id_count	bigint	master_material	`COUNT(DISTINCT course_id)`.	42	Distinct courses using the ISBN during the term.	Never NULL; zero means all values of that key are missing.
master_isbn	table	12	has_enrollment	boolean	master_material	`COALESCE(BOOL_OR(enrollment_assigned IS NOT NULL), FALSE)`.	TRUE	Whether usable enrollment information is available.	Never NULL; false means no occurrence has assigned enrollment.
master_isbn	table	13	enroll_cnt	bigint	master_material	`COUNT(DISTINCT section_id) FILTER (WHERE enrollment_assigned IS NOT NULL)`.	42	ISBN-using sections having an assigned enrollment value.	Never NULL; zero means none has assigned enrollment.
master_isbn	table	14	enroll_tot	hugeint	master_material	`COALESCE(SUM(enrollment_assigned), 0)` across ISBN occurrences.	42	Assigned enrollment summed across all ISBN-using sections.	Never NULL; zero means no assigned enrollment or assigned total zero.
master_isbn	table	15	title_variant_count	bigint	master_material	`ANY_VALUE(master_material.isbn_title_variant_count)`.	42	Distinct title variants found within grouped catalog rows.	Not expected; upstream count is non-NULL.
master_isbn	table	16	author_variant_count	bigint	master_material	`ANY_VALUE(master_material.isbn_author_variant_count)`.	42	Distinct author variants found within grouped catalog rows.	Not expected; upstream count is non-NULL.
master_isbn	table	17	publisher_variant_count	bigint	master_material	`ANY_VALUE(master_material.isbn_publisher_variant_count)`.	42	Distinct publisher variants found within grouped catalog rows.	Not expected; upstream count is non-NULL.
master_isbn	table	18	metadata_conflict	boolean	master_material	True when any title/author/publisher variant count exceeds one.	TRUE	Flags conflicting canonical bibliographic values for the ISBN.	Never NULL; false means no detected canonical metadata conflict.
master_isbn	table	19	required_price_min	decimal(38,2)	master_material	`SUM(master_material.price_min) FILTER (WHERE is_required_inferred)`.	12.34	Lower all-offer price bound for required materials.	All qualifying occurrence values are missing; individual NULLs are ignored and genuine zero is retained.
master_isbn	table	20	required_price_max	decimal(38,2)	master_material	`SUM(master_material.price_max) FILTER (WHERE is_required_inferred)`.	12.34	Upper all-offer price bound for required materials.	All qualifying occurrence values are missing; individual NULLs are ignored and genuine zero is retained.
master_isbn	table	21	required_price_buy_min	decimal(38,2)	master_material	`SUM(master_material.price_buy_min) FILTER (WHERE is_required_inferred)`.	12.34	Lower buy-only price bound for required materials.	All qualifying occurrence values are missing; individual NULLs are ignored and genuine zero is retained.
master_isbn	table	22	required_price_buy_max	decimal(38,2)	master_material	`SUM(master_material.price_buy_max) FILTER (WHERE is_required_inferred)`.	12.34	Upper buy-only price bound for required materials.	All qualifying occurrence values are missing; individual NULLs are ignored and genuine zero is retained.
master_isbn	table	23	all_price_min	decimal(38,2)	master_material	`SUM(master_material.price_min)`.	12.34	Lower all-offer price bound for all-item materials.	All qualifying occurrence values are missing; individual NULLs are ignored and genuine zero is retained.
master_isbn	table	24	all_price_max	decimal(38,2)	master_material	`SUM(master_material.price_max)`.	12.34	Upper all-offer price bound for all-item materials.	All qualifying occurrence values are missing; individual NULLs are ignored and genuine zero is retained.
master_isbn	table	25	all_price_buy_min	decimal(38,2)	master_material	`SUM(master_material.price_buy_min)`.	12.34	Lower buy-only price bound for all-item materials.	All qualifying occurrence values are missing; individual NULLs are ignored and genuine zero is retained.
master_isbn	table	26	all_price_buy_max	decimal(38,2)	master_material	`SUM(master_material.price_buy_max)`.	12.34	Upper buy-only price bound for all-item materials.	All qualifying occurrence values are missing; individual NULLs are ignored and genuine zero is retained.
master_isbn	table	27	price_buy_new_physical_count	bigint	master_material	`COUNT(DISTINCT section_id) FILTER (WHERE price_buy_new_physical IS NOT NULL)`.	42	Sections offering new physical purchase prices.	Never NULL; zero means no section has that price cell.
master_isbn	table	28	price_buy_new_digital_count	bigint	master_material	`COUNT(DISTINCT section_id) FILTER (WHERE price_buy_new_digital IS NOT NULL)`.	42	Sections offering new digital purchase prices.	Never NULL; zero means no section has that price cell.
master_isbn	table	29	price_buy_new_na_count	bigint	master_material	`COUNT(DISTINCT section_id) FILTER (WHERE price_buy_new_na IS NOT NULL)`.	42	Sections offering new unspecified-format purchase prices.	Never NULL; zero means no section has that price cell.
master_isbn	table	30	price_buy_used_physical_count	bigint	master_material	`COUNT(DISTINCT section_id) FILTER (WHERE price_buy_used_physical IS NOT NULL)`.	42	Sections offering used physical purchase prices.	Never NULL; zero means no section has that price cell.
master_isbn	table	31	price_buy_used_digital_count	bigint	master_material	`COUNT(DISTINCT section_id) FILTER (WHERE price_buy_used_digital IS NOT NULL)`.	42	Sections offering used digital purchase prices.	Never NULL; zero means no section has that price cell.
master_isbn	table	32	price_buy_used_na_count	bigint	master_material	`COUNT(DISTINCT section_id) FILTER (WHERE price_buy_used_na IS NOT NULL)`.	42	Sections offering used unspecified-format purchase prices.	Never NULL; zero means no section has that price cell.
master_isbn	table	33	price_buy_na_physical_count	bigint	master_material	`COUNT(DISTINCT section_id) FILTER (WHERE price_buy_na_physical IS NOT NULL)`.	42	Sections offering unspecified-condition physical purchase prices.	Never NULL; zero means no section has that price cell.
master_isbn	table	34	price_buy_na_digital_count	bigint	master_material	`COUNT(DISTINCT section_id) FILTER (WHERE price_buy_na_digital IS NOT NULL)`.	42	Sections offering unspecified-condition digital purchase prices.	Never NULL; zero means no section has that price cell.
master_isbn	table	35	price_buy_na_na_count	bigint	master_material	`COUNT(DISTINCT section_id) FILTER (WHERE price_buy_na_na IS NOT NULL)`.	42	Sections offering unspecified-condition unspecified-format purchase prices.	Never NULL; zero means no section has that price cell.
master_isbn	table	36	price_rental_new_physical_count	bigint	master_material	`COUNT(DISTINCT section_id) FILTER (WHERE price_rental_new_physical IS NOT NULL)`.	42	Sections offering new physical rental prices.	Never NULL; zero means no section has that price cell.
master_isbn	table	37	price_rental_new_digital_count	bigint	master_material	`COUNT(DISTINCT section_id) FILTER (WHERE price_rental_new_digital IS NOT NULL)`.	42	Sections offering new digital rental prices.	Never NULL; zero means no section has that price cell.
master_isbn	table	38	price_rental_new_na_count	bigint	master_material	`COUNT(DISTINCT section_id) FILTER (WHERE price_rental_new_na IS NOT NULL)`.	42	Sections offering new unspecified-format rental prices.	Never NULL; zero means no section has that price cell.
master_isbn	table	39	price_rental_used_physical_count	bigint	master_material	`COUNT(DISTINCT section_id) FILTER (WHERE price_rental_used_physical IS NOT NULL)`.	42	Sections offering used physical rental prices.	Never NULL; zero means no section has that price cell.
master_isbn	table	40	price_rental_used_digital_count	bigint	master_material	`COUNT(DISTINCT section_id) FILTER (WHERE price_rental_used_digital IS NOT NULL)`.	42	Sections offering used digital rental prices.	Never NULL; zero means no section has that price cell.
master_isbn	table	41	price_rental_used_na_count	bigint	master_material	`COUNT(DISTINCT section_id) FILTER (WHERE price_rental_used_na IS NOT NULL)`.	42	Sections offering used unspecified-format rental prices.	Never NULL; zero means no section has that price cell.
master_isbn	table	42	price_rental_na_physical_count	bigint	master_material	`COUNT(DISTINCT section_id) FILTER (WHERE price_rental_na_physical IS NOT NULL)`.	42	Sections offering unspecified-condition physical rental prices.	Never NULL; zero means no section has that price cell.
master_isbn	table	43	price_rental_na_digital_count	bigint	master_material	`COUNT(DISTINCT section_id) FILTER (WHERE price_rental_na_digital IS NOT NULL)`.	42	Sections offering unspecified-condition digital rental prices.	Never NULL; zero means no section has that price cell.
master_isbn	table	44	price_rental_na_na_count	bigint	master_material	`COUNT(DISTINCT section_id) FILTER (WHERE price_rental_na_na IS NOT NULL)`.	42	Sections offering unspecified-condition unspecified-format rental prices.	Never NULL; zero means no section has that price cell.
master_isbn	table	45	institution_type_2_year_private_profit_count	bigint	master_material	`COUNT(DISTINCT section_id)` FILTERed where institution_type = `2 Year Priavte Profit` (exact source literal, including source spelling).	42	ISBN occurrences from two-year private for-profit institutions.	Never NULL; zero means no qualifying section.
master_isbn	table	46	institution_type_2_year_private_count	bigint	master_material	`COUNT(DISTINCT section_id)` FILTERed where institution_type = `2 Year Private` (exact source literal, including source spelling).	42	ISBN occurrences from two-year private institutions.	Never NULL; zero means no qualifying section.
master_isbn	table	47	institution_type_2_year_public_count	bigint	master_material	`COUNT(DISTINCT section_id)` FILTERed where institution_type = `2 Year Public` (exact source literal, including source spelling).	42	ISBN occurrences from two-year public institutions.	Never NULL; zero means no qualifying section.
master_isbn	table	48	institution_type_4_year_private_profit_count	bigint	master_material	`COUNT(DISTINCT section_id)` FILTERed where institution_type = `4 Year Priavte Profit` (exact source literal, including source spelling).	42	ISBN occurrences from four-year private for-profit institutions.	Never NULL; zero means no qualifying section.
master_isbn	table	49	institution_type_4_year_private_count	bigint	master_material	`COUNT(DISTINCT section_id)` FILTERed where institution_type = `4 Year Private` (exact source literal, including source spelling).	42	ISBN occurrences from four-year private institutions.	Never NULL; zero means no qualifying section.
master_isbn	table	50	institution_type_4_year_public_count	bigint	master_material	`COUNT(DISTINCT section_id)` FILTERed where institution_type = `4 Year Public` (exact source literal, including source spelling).	42	ISBN occurrences from four-year public institutions.	Never NULL; zero means no qualifying section.
master_isbn	table	51	institution_type_under_2_year_public_count	bigint	master_material	`COUNT(DISTINCT section_id)` FILTERed where institution_type = `Under 2 Year Public` (exact source literal, including source spelling).	42	ISBN occurrences from under-two-year public institutions.	Never NULL; zero means no qualifying section.
master_isbn	table	52	institution_type_unknown_count	bigint	master_material	`COUNT(DISTINCT section_id)` FILTERed where institution_type is NULL or blank.	42	ISBN occurrences from unknown-type institutions.	Never NULL; zero means no qualifying section.
sample_material_10pct	table	1	isbn13	bigint	master_material	`master_material.isbn13` retained after the deterministic section-hash filter.	9780000000002	Book or material identifier used for cross-source matching.	Never NULL; every retained source Use row requires an ISBN.
sample_material_10pct	table	2	book_title	varchar	master_material	`master_material.book_title` retained after the deterministic section-hash filter.	Introduction to Biology	Canonical title selected for the grouped ISBN.	The selected representative row has no value; another grouped row may have one.
sample_material_10pct	table	3	author	varchar	master_material	`master_material.author` retained after the deterministic section-hash filter.	A. Example	Author credited for the adopted course material.	The selected representative row has no value; another grouped row may have one.
sample_material_10pct	table	4	publisher	varchar	master_material	`master_material.publisher` retained after the deterministic section-hash filter.	Example Press	Publisher credited for the adopted course material.	The selected representative row has no value; another grouped row may have one.
sample_material_10pct	table	5	imprint	varchar	master_material	`master_material.imprint` retained after the deterministic section-hash filter.	Example Academic	Publishing imprint named for the adopted material.	The selected representative row has no value; another grouped row may have one.
sample_material_10pct	table	6	book_format	varchar	master_material	`master_material.book_format` retained after the deterministic section-hash filter.	physical	Physical or digital format of the material.	The selected representative row has no value; another grouped row may have one.
sample_material_10pct	table	7	format_type	varchar	master_material	`master_material.format_type` retained after the deterministic section-hash filter.	Book	Catalog classification label for the material format.	The selected representative row has no value; another grouped row may have one.
sample_material_10pct	table	8	book_status	varchar	master_material	`master_material.book_status` retained after the deterministic section-hash filter.	required	Adoption priority assigned to the course material.	The selected representative row has no value; another grouped row may have one.
sample_material_10pct	table	9	isbn_book_title	varchar	master_material	`master_material.isbn_book_title` retained after the deterministic section-hash filter.	Introduction to Biology	Canonical title selected for the term-level ISBN.	No nonmissing metadata value for the term×ISBN.
sample_material_10pct	table	10	isbn_author	varchar	master_material	`master_material.isbn_author` retained after the deterministic section-hash filter.	A. Example	Canonical author selected for the term-level ISBN.	No nonmissing metadata value for the term×ISBN.
sample_material_10pct	table	11	isbn_publisher	varchar	master_material	`master_material.isbn_publisher` retained after the deterministic section-hash filter.	Example Press	Canonical publisher selected for the term-level ISBN.	No nonmissing metadata value for the term×ISBN.
sample_material_10pct	table	12	isbn_title_variant_count	bigint	master_material	`master_material.isbn_title_variant_count` retained after the deterministic section-hash filter.	42	Distinct ISBN title variants found within grouped catalog rows.	Never NULL; zero means no nonmissing value.
sample_material_10pct	table	13	isbn_author_variant_count	bigint	master_material	`master_material.isbn_author_variant_count` retained after the deterministic section-hash filter.	42	Distinct ISBN author variants found within grouped catalog rows.	Never NULL; zero means no nonmissing value.
sample_material_10pct	table	14	isbn_publisher_variant_count	bigint	master_material	`master_material.isbn_publisher_variant_count` retained after the deterministic section-hash filter.	42	Distinct ISBN publisher variants found within grouped catalog rows.	Never NULL; zero means no nonmissing value.
sample_material_10pct	table	15	unit_id	bigint	master_material	`master_material.unit_id` retained after the deterministic section-hash filter.	1001	IPEDS institution identifier used throughout the pipeline.	The selected representative row has no value; another grouped row may have one.
sample_material_10pct	table	16	school	varchar	master_material	`master_material.school` retained after the deterministic section-hash filter.	Example University	Institution or school name attached to the course.	The selected representative row has no value; another grouped row may have one.
sample_material_10pct	table	17	state	varchar	master_material	`master_material.state` retained after the deterministic section-hash filter.	CA	State or province code for the institution.	The selected representative row has no value; another grouped row may have one.
sample_material_10pct	table	18	dept_code	varchar	master_material	`master_material.dept_code` retained after the deterministic section-hash filter.	BIO	Short code identifying the academic department.	The selected representative row has no value; another grouped row may have one.
sample_material_10pct	table	19	department	varchar	master_material	`master_material.department` retained after the deterministic section-hash filter.	Biology	Academic department responsible for the course.	The selected representative row has no value; another grouped row may have one.
sample_material_10pct	table	20	dept_description	varchar	master_material	`master_material.dept_description` retained after the deterministic section-hash filter.	Biology	Expanded description of the academic department.	The selected representative row has no value; another grouped row may have one.
sample_material_10pct	table	21	course_number	varchar	master_material	`master_material.course_number` retained after the deterministic section-hash filter.	101	Catalog number identifying the course within its department.	The selected representative row has no value; another grouped row may have one.
sample_material_10pct	table	22	section	varchar	master_material	`master_material.section` retained after the deterministic section-hash filter.	001	Source code distinguishing sections of the same course.	The selected representative row has no value; another grouped row may have one.
sample_material_10pct	table	23	course_title	varchar	master_material	`master_material.course_title` retained after the deterministic section-hash filter.	Introduction to Biology	Official title assigned to the course.	The selected representative row has no value; another grouped row may have one.
sample_material_10pct	table	24	course_level	varchar	master_material	`master_material.course_level` retained after the deterministic section-hash filter.	Introductory or general undergraduate	Instructional level assigned to the course.	Neither the section-canonical value nor representative source row has a value.
sample_material_10pct	table	25	course_subject	varchar	master_material	`master_material.course_subject` retained after the deterministic section-hash filter.	BIO	Subject area assigned to the course.	The selected representative row has no value; another grouped row may have one.
sample_material_10pct	table	26	period	varchar	master_material	`master_material.period` retained after the deterministic section-hash filter.	Fall 2025	Human-readable academic term label from the source.	The selected representative row has no value; another grouped row may have one.
sample_material_10pct	table	27	enrollments	integer	master_material	`master_material.enrollments` retained after the deterministic section-hash filter.	42	Enrollment reported directly for the course section.	Neither the section-canonical value nor representative source row has a value.
sample_material_10pct	table	28	seats_taken	integer	master_material	`master_material.seats_taken` retained after the deterministic section-hash filter.	42	Occupied seats reported for the course section.	Neither the section-canonical value nor representative source row has a value.
sample_material_10pct	table	29	instructor	varchar	master_material	`master_material.instructor` retained after the deterministic section-hash filter.	A. Example	Instructor name attached to the course section.	The selected representative row has no value; another grouped row may have one.
sample_material_10pct	table	30	first_name	varchar	master_material	`master_material.first_name` retained after the deterministic section-hash filter.	A. Example	Given name of the course instructor.	The selected representative row has no value; another grouped row may have one.
sample_material_10pct	table	31	last_name	varchar	master_material	`master_material.last_name` retained after the deterministic section-hash filter.	A. Example	Family name of the course instructor.	The selected representative row has no value; another grouped row may have one.
sample_material_10pct	table	32	email	varchar	master_material	`master_material.email` retained after the deterministic section-hash filter.	instructor@example.edu	Normalized instructor email used for contact and matching.	The selected representative row has no value; another grouped row may have one.
sample_material_10pct	table	33	course_id	varchar	master_material	`master_material.course_id` retained after the deterministic section-hash filter.	1001::BIO::101	Stable identifier for the institution-level course offering.	Neither the section-canonical value nor representative source row has a value.
sample_material_10pct	table	34	section_id	varchar	master_material	`master_material.section_id` retained after the deterministic section-hash filter.	1001::BIO::101::001::2025-4	Period-specific identifier for the distinct section offering.	ISBN is NULL only on audit groups; section and sortable-period keys are required.
sample_material_10pct	table	35	period_sortable	varchar	master_material	`master_material.period_sortable` retained after the deterministic section-hash filter.	2025-4	Sortable academic term code used for chronological ordering.	ISBN is NULL only on audit groups; section and sortable-period keys are required.
sample_material_10pct	table	36	period_date	date	master_material	`master_material.period_date` retained after the deterministic section-hash filter.	2025-10-01	Canonical starting date assigned to the academic term.	The selected representative row has no value; another grouped row may have one.
sample_material_10pct	table	37	is_oer	boolean	master_material	`master_material.is_oer` retained after the deterministic section-hash filter.	TRUE	Whether the material is an open educational resource.	Never NULL under the normalized row-flag contract; false means no grouped row qualifies.
sample_material_10pct	table	38	oer_category	varchar	master_material	`master_material.oer_category` retained after the deterministic section-hash filter.	unknown	Open-resource category assigned to the material format.	The selected representative row has no value; another grouped row may have one.
sample_material_10pct	table	39	is_ia	boolean	master_material	`master_material.is_ia` retained after the deterministic section-hash filter.	TRUE	Whether the material uses inclusive access.	Never NULL under the normalized row-flag contract; false means no grouped row qualifies.
sample_material_10pct	table	40	ia_category	varchar	master_material	`master_material.ia_category` retained after the deterministic section-hash filter.	unknown	Inclusive-access category assigned to the material format.	The selected representative row has no value; another grouped row may have one.
sample_material_10pct	table	41	is_supply	boolean	master_material	`master_material.is_supply` retained after the deterministic section-hash filter.	TRUE	Whether the material is classified as a course supply.	Never NULL under the normalized row-flag contract; false means no grouped row qualifies.
sample_material_10pct	table	42	supply_category	varchar	master_material	`master_material.supply_category` retained after the deterministic section-hash filter.	science_lab	Supply classification assigned from matched title keywords.	The selected representative row has no value; another grouped row may have one.
sample_material_10pct	table	43	institution_name	varchar	master_material	`master_material.institution_name` retained after the deterministic section-hash filter.	Example University	Canonical institution name supplied by IPEDS.	The selected representative row has no value; another grouped row may have one.
sample_material_10pct	table	44	sector	varchar	master_material	`master_material.sector` retained after the deterministic section-hash filter.	unknown	IPEDS sector classification for the institution.	Neither the section-canonical value nor representative source row has a value.
sample_material_10pct	table	45	level	varchar	master_material	`master_material.level` retained after the deterministic section-hash filter.	unknown	IPEDS award-level classification for the institution.	Neither the section-canonical value nor representative source row has a value.
sample_material_10pct	table	46	control	varchar	master_material	`master_material.control` retained after the deterministic section-hash filter.	unknown	Institution ownership and governance classification used for reporting.	Neither the section-canonical value nor representative source row has a value.
sample_material_10pct	table	47	size	varchar	master_material	`master_material.size` retained after the deterministic section-hash filter.	unknown	IPEDS institutional enrollment-size classification used for reporting.	The selected representative row has no value; another grouped row may have one.
sample_material_10pct	table	48	enrollment_2024	integer	master_material	`master_material.enrollment_2024` retained after the deterministic section-hash filter.	42	Total institutional enrollment reported to IPEDS for 2024.	The selected representative row has no value; another grouped row may have one.
sample_material_10pct	table	49	distance_enrollment_2024	integer	master_material	`master_material.distance_enrollment_2024` retained after the deterministic section-hash filter.	42	IPEDS 2024 students enrolled in distance education.	The selected representative row has no value; another grouped row may have one.
sample_material_10pct	table	50	institution_type	varchar	master_material	`master_material.institution_type` retained after the deterministic section-hash filter.	unknown	Derived institution type used for reporting groups.	The selected representative row has no value; another grouped row may have one.
sample_material_10pct	table	51	is_required_inferred	boolean	master_material	`master_material.is_required_inferred` retained after the deterministic section-hash filter.	TRUE	Whether the material is treated as required after fallback.	Never NULL under the normalized row-flag contract; false means no grouped row qualifies.
sample_material_10pct	table	52	is_recent	boolean	master_material	`master_material.is_recent` retained after the deterministic section-hash filter.	TRUE	Whether the term belongs to the newest catalog window.	Never NULL; inherited from the recent-period view.
sample_material_10pct	table	53	has_isbn	boolean	master_material	`master_material.has_isbn` retained after the deterministic section-hash filter.	TRUE	Whether the material has a non-NULL ISBN.	Never NULL; every retained source Use row requires an ISBN.
sample_material_10pct	table	54	has_formattype	boolean	master_material	`master_material.has_formattype` retained after the deterministic section-hash filter.	TRUE	Whether the material has a nonblank FormatType classification.	Never NULL under the normalized row-flag contract; false means no grouped row qualifies.
sample_material_10pct	table	55	has_enrollment	boolean	master_material	`master_material.has_enrollment` retained after the deterministic section-hash filter.	TRUE	Whether usable enrollment information is available.	Never NULL; false means neither section-canonical nor source-row evidence qualifies.
sample_material_10pct	table	56	has_enrollment_own_seats	boolean	master_material	`master_material.has_enrollment_own_seats` retained after the deterministic section-hash filter.	TRUE	Whether the section reports usable occupied seats.	Never NULL; false means neither section-canonical nor source-row evidence qualifies.
sample_material_10pct	table	57	no_details	boolean	master_material	`master_material.no_details` retained after the deterministic section-hash filter.	TRUE	Whether the title carries the no-details placeholder.	Never NULL under the normalized row-flag contract; false means no grouped row qualifies.
sample_material_10pct	table	58	no_materials	boolean	master_material	`master_material.no_materials` retained after the deterministic section-hash filter.	TRUE	Whether the row explicitly indicates no course materials.	Never NULL under the normalized row-flag contract; false means no grouped row qualifies.
sample_material_10pct	table	59	is_canada	boolean	master_material	`master_material.is_canada` retained after the deterministic section-hash filter.	TRUE	Whether the source row belongs to Canada.	Never NULL under the normalized row-flag contract; false means no grouped row qualifies.
sample_material_10pct	table	60	is_course_material_use	boolean	master_material	`master_material.is_course_material_use` retained after the deterministic section-hash filter.	TRUE	Whether the material belongs to the analysis population.	Never NULL; required by the view filter.
sample_material_10pct	table	61	is_course_material_no_use	boolean	master_material	`master_material.is_course_material_no_use` retained after the deterministic section-hash filter.	FALSE	Whether the material belongs to the excluded population.	Never NULL; NoUse is recomputed as recent AND NOT grouped Use evidence.
sample_material_10pct	table	62	has_enrollment_sibling	boolean	master_material	`master_material.has_enrollment_sibling` retained after the deterministic section-hash filter.	TRUE	Whether a sibling section reports enrollment.	Never NULL in the recent-period view; false means no qualifying section evidence.
sample_material_10pct	table	63	has_enrollment_sibling_seats	boolean	master_material	`master_material.has_enrollment_sibling_seats` retained after the deterministic section-hash filter.	TRUE	Whether a sibling section reports usable occupied seats.	Never NULL in the recent-period view; false means no qualifying section evidence.
sample_material_10pct	table	64	enrollment_assigned	integer	master_material	`master_material.enrollment_assigned` retained after the deterministic section-hash filter.	42	Best available section enrollment from the assignment ladder.	NULL outside the recent window or when no assignment rung succeeds.
sample_material_10pct	table	65	enrollment_source	varchar	master_material	`master_material.enrollment_source` retained after the deterministic section-hash filter.	own	Assignment-ladder rung that supplied the section enrollment.	Never NULL in the recent-period view; `none` means no assignment rung produced a value.
sample_material_10pct	table	66	is_required_direct	boolean	master_material	`master_material.is_required_direct` retained after the deterministic section-hash filter.	TRUE	Whether direct required evidence is present at the relation grain.	Never NULL under the normalized row-flag contract; false means no grouped row qualifies.
sample_material_10pct	table	67	is_optional_or_recommended_direct	boolean	master_material	`master_material.is_optional_or_recommended_direct` retained after the deterministic section-hash filter.	TRUE	Whether grouped rows include optional or recommended direct-status evidence.	Never NULL under the normalized row-flag contract; false means no grouped row qualifies.
sample_material_10pct	table	68	source_row_count	bigint	master_material	`master_material.source_row_count` retained after the deterministic section-hash filter.	42	Catalog rows collapsed into the canonical material item.	Never NULL or zero for a retained group.
sample_material_10pct	table	69	title_variant_count	bigint	master_material	`master_material.title_variant_count` retained after the deterministic section-hash filter.	42	Distinct title variants found within grouped catalog rows.	Never NULL; zero means no nonmissing value.
sample_material_10pct	table	70	author_variant_count	bigint	master_material	`master_material.author_variant_count` retained after the deterministic section-hash filter.	42	Distinct author variants found within grouped catalog rows.	Never NULL; zero means no nonmissing value.
sample_material_10pct	table	71	publisher_variant_count	bigint	master_material	`master_material.publisher_variant_count` retained after the deterministic section-hash filter.	42	Distinct publisher variants found within grouped catalog rows.	Never NULL; zero means no nonmissing value.
sample_material_10pct	table	72	imprint_variant_count	bigint	master_material	`master_material.imprint_variant_count` retained after the deterministic section-hash filter.	42	Distinct imprint variants found within grouped catalog rows.	Never NULL; zero means no nonmissing value.
sample_material_10pct	table	73	book_format_variant_count	bigint	master_material	`master_material.book_format_variant_count` retained after the deterministic section-hash filter.	42	Distinct book format variants found within grouped catalog rows.	Never NULL; zero means no nonmissing value.
sample_material_10pct	table	74	format_type_variant_count	bigint	master_material	`master_material.format_type_variant_count` retained after the deterministic section-hash filter.	42	Distinct FormatType variants found within grouped catalog rows.	Never NULL; zero means no nonmissing value.
sample_material_10pct	table	75	book_status_variant_count	bigint	master_material	`master_material.book_status_variant_count` retained after the deterministic section-hash filter.	42	Distinct book status variants found within grouped catalog rows.	Never NULL; zero means no nonmissing value.
sample_material_10pct	table	76	catalog_metadata_conflict	boolean	master_material	`master_material.catalog_metadata_conflict` retained after the deterministic section-hash filter.	TRUE	Flags conflicting bibliographic values among grouped catalog rows.	Never NULL; false means the named conflict was not detected.
sample_material_10pct	table	77	is_required_inferred_conflict	boolean	master_material	`master_material.is_required_inferred_conflict` retained after the deterministic section-hash filter.	TRUE	Whether grouped rows disagree on inferred-required status.	Never NULL; false means no detected within-group conflict.
sample_material_10pct	table	78	is_oer_conflict	boolean	master_material	`master_material.is_oer_conflict` retained after the deterministic section-hash filter.	TRUE	Whether grouped rows disagree on open-resource classification.	Never NULL; false means no detected within-group conflict.
sample_material_10pct	table	79	is_ia_conflict	boolean	master_material	`master_material.is_ia_conflict` retained after the deterministic section-hash filter.	TRUE	Whether grouped rows disagree on inclusive-access classification.	Never NULL; false means no detected within-group conflict.
sample_material_10pct	table	80	bookstore_url	varchar	master_material	`master_material.bookstore_url` retained after the deterministic section-hash filter.	https://bookstore.example.edu/item/123	Bookstore page providing the observed material prices.	No exact pricing row, or the matched pricing aggregate has no valid value.
sample_material_10pct	table	81	price_buy_new_physical	decimal(10,2)	master_material	`master_material.price_buy_new_physical` retained after the deterministic section-hash filter.	12.34	Price for new physical purchase offerings.	No exact pricing row, or the matched pricing aggregate has no valid value.
sample_material_10pct	table	82	price_buy_new_digital	decimal(10,2)	master_material	`master_material.price_buy_new_digital` retained after the deterministic section-hash filter.	12.34	Price for new digital purchase offerings.	No exact pricing row, or the matched pricing aggregate has no valid value.
sample_material_10pct	table	83	price_buy_new_na	decimal(10,2)	master_material	`master_material.price_buy_new_na` retained after the deterministic section-hash filter.	12.34	Price for new unspecified-format purchase offerings.	No exact pricing row, or the matched pricing aggregate has no valid value.
sample_material_10pct	table	84	price_buy_used_physical	decimal(10,2)	master_material	`master_material.price_buy_used_physical` retained after the deterministic section-hash filter.	12.34	Price for used physical purchase offerings.	No exact pricing row, or the matched pricing aggregate has no valid value.
sample_material_10pct	table	85	price_buy_used_digital	decimal(10,2)	master_material	`master_material.price_buy_used_digital` retained after the deterministic section-hash filter.	12.34	Price for used digital purchase offerings.	No exact pricing row, or the matched pricing aggregate has no valid value.
sample_material_10pct	table	86	price_buy_used_na	decimal(10,2)	master_material	`master_material.price_buy_used_na` retained after the deterministic section-hash filter.	12.34	Price for used unspecified-format purchase offerings.	No exact pricing row, or the matched pricing aggregate has no valid value.
sample_material_10pct	table	87	price_buy_na_physical	decimal(10,2)	master_material	`master_material.price_buy_na_physical` retained after the deterministic section-hash filter.	12.34	Price for unspecified-condition physical purchase offerings.	No exact pricing row, or the matched pricing aggregate has no valid value.
sample_material_10pct	table	88	price_buy_na_digital	decimal(10,2)	master_material	`master_material.price_buy_na_digital` retained after the deterministic section-hash filter.	12.34	Price for unspecified-condition digital purchase offerings.	No exact pricing row, or the matched pricing aggregate has no valid value.
sample_material_10pct	table	89	price_buy_na_na	decimal(10,2)	master_material	`master_material.price_buy_na_na` retained after the deterministic section-hash filter.	12.34	Price for unspecified-condition unspecified-format purchase offerings.	No exact pricing row, or the matched pricing aggregate has no valid value.
sample_material_10pct	table	90	price_rental_new_physical	decimal(10,2)	master_material	`master_material.price_rental_new_physical` retained after the deterministic section-hash filter.	12.34	Price for new physical rental offerings.	No exact pricing row, or the matched pricing aggregate has no valid value.
sample_material_10pct	table	91	price_rental_new_digital	decimal(10,2)	master_material	`master_material.price_rental_new_digital` retained after the deterministic section-hash filter.	12.34	Price for new digital rental offerings.	No exact pricing row, or the matched pricing aggregate has no valid value.
sample_material_10pct	table	92	price_rental_new_na	decimal(10,2)	master_material	`master_material.price_rental_new_na` retained after the deterministic section-hash filter.	12.34	Price for new unspecified-format rental offerings.	No exact pricing row, or the matched pricing aggregate has no valid value.
sample_material_10pct	table	93	price_rental_used_physical	decimal(10,2)	master_material	`master_material.price_rental_used_physical` retained after the deterministic section-hash filter.	12.34	Price for used physical rental offerings.	No exact pricing row, or the matched pricing aggregate has no valid value.
sample_material_10pct	table	94	price_rental_used_digital	decimal(10,2)	master_material	`master_material.price_rental_used_digital` retained after the deterministic section-hash filter.	12.34	Price for used digital rental offerings.	No exact pricing row, or the matched pricing aggregate has no valid value.
sample_material_10pct	table	95	price_rental_used_na	decimal(10,2)	master_material	`master_material.price_rental_used_na` retained after the deterministic section-hash filter.	12.34	Price for used unspecified-format rental offerings.	No exact pricing row, or the matched pricing aggregate has no valid value.
sample_material_10pct	table	96	price_rental_na_physical	decimal(10,2)	master_material	`master_material.price_rental_na_physical` retained after the deterministic section-hash filter.	12.34	Price for unspecified-condition physical rental offerings.	No exact pricing row, or the matched pricing aggregate has no valid value.
sample_material_10pct	table	97	price_rental_na_digital	decimal(10,2)	master_material	`master_material.price_rental_na_digital` retained after the deterministic section-hash filter.	12.34	Price for unspecified-condition digital rental offerings.	No exact pricing row, or the matched pricing aggregate has no valid value.
sample_material_10pct	table	98	price_rental_na_na	decimal(10,2)	master_material	`master_material.price_rental_na_na` retained after the deterministic section-hash filter.	12.34	Price for unspecified-condition unspecified-format rental offerings.	No exact pricing row, or the matched pricing aggregate has no valid value.
sample_material_10pct	table	99	format_count	bigint	master_material	`master_material.format_count` retained after the deterministic section-hash filter.	42	Distinct option-condition-format combinations offered for the material.	No exact pricing row, or the matched pricing aggregate has no valid value.
sample_material_10pct	table	100	has_buy	boolean	master_material	`master_material.has_buy` retained after the deterministic section-hash filter.	TRUE	Whether any purchase offer exists for the material.	No exact pricing row, or the matched pricing aggregate has no valid value.
sample_material_10pct	table	101	has_rent	boolean	master_material	`master_material.has_rent` retained after the deterministic section-hash filter.	TRUE	Whether any rental offer exists for the material.	No exact pricing row, or the matched pricing aggregate has no valid value.
sample_material_10pct	table	102	price_min	decimal(10,2)	master_material	`master_material.price_min` retained after the deterministic section-hash filter.	12.34	Lowest valid price across available material offerings.	No exact pricing row, or the matched pricing aggregate has no valid value.
sample_material_10pct	table	103	price_max	decimal(10,2)	master_material	`master_material.price_max` retained after the deterministic section-hash filter.	12.34	Highest valid price across available material offerings.	No exact pricing row, or the matched pricing aggregate has no valid value.
sample_material_10pct	table	104	price_avg	double	master_material	`master_material.price_avg` retained after the deterministic section-hash filter.	12.34	Legacy midpoint between minimum and maximum material prices.	No exact pricing row, or the matched pricing aggregate has no valid value.
sample_material_10pct	table	105	rental_days_min	integer	master_material	`master_material.rental_days_min` retained after the deterministic section-hash filter.	42	Shortest available rental term measured in days.	No exact pricing row, or the matched pricing aggregate has no valid value.
sample_material_10pct	table	106	rental_days_max	integer	master_material	`master_material.rental_days_max` retained after the deterministic section-hash filter.	42	Longest available rental term measured in days.	No exact pricing row, or the matched pricing aggregate has no valid value.
sample_material_10pct	table	107	price_buy_min	decimal(10,2)	master_material	`master_material.price_buy_min` retained after the deterministic section-hash filter.	12.34	Lowest valid purchase price across available material offerings.	No exact pricing row, or the matched pricing aggregate has no valid value.
sample_material_10pct	table	108	price_buy_max	decimal(10,2)	master_material	`master_material.price_buy_max` retained after the deterministic section-hash filter.	12.34	Highest valid purchase price across available material offerings.	No exact pricing row, or the matched pricing aggregate has no valid value.
sample_material_10pct	table	109	has_pricing_match	boolean	master_material	`master_material.has_pricing_match` retained after the deterministic section-hash filter.	TRUE	Whether an exact section-and-ISBN pricing match exists.	Never NULL; false distinguishes no pricing match.
sample_material_10pct	table	110	is_section_required_direct	boolean	master_material	`master_material.is_section_required_direct` retained after the deterministic section-hash filter.	TRUE	Whether the source section has direct required evidence.	Never NULL in the recent-period view; false means no qualifying section evidence.
sample_material_10pct	table	111	use_source_row_count	bigint	master_material	`master_material.use_source_row_count` retained after the deterministic section-hash filter.	42	Included catalog rows collapsed into the canonical item.	Never NULL; zero is possible for the filtered count.
sample_material_10pct	table	112	no_use_source_row_count	bigint	master_material	`master_material.no_use_source_row_count` retained after the deterministic section-hash filter.	42	Excluded catalog rows collapsed into the canonical item.	Never NULL; zero is possible for the filtered count.
sample_material_10pct	table	113	has_use_source_row	boolean	master_material	`master_material.has_use_source_row` retained after the deterministic section-hash filter.	TRUE	Whether grouped rows include retained-population evidence.	Never NULL; the view retains groups with source Use evidence.
sample_material_10pct	table	114	has_no_use_source_row	boolean	master_material	`master_material.has_no_use_source_row` retained after the deterministic section-hash filter.	TRUE	Whether grouped rows include excluded-population evidence.	Never NULL under the normalized row-flag contract; false means no grouped row qualifies.
sample_material_10pct	table	115	population_classification_conflict	boolean	master_material	`master_material.population_classification_conflict` retained after the deterministic section-hash filter.	TRUE	Flags simultaneous Use and NoUse evidence within groups.	Never NULL; false means the named conflict was not detected.
sample_material_10pct	table	116	instructor_variant_count	bigint	master_material	`master_material.instructor_variant_count` retained after the deterministic section-hash filter.	42	Distinct instructor variants found within grouped catalog rows.	Never NULL; zero means no nonmissing value.
sample_material_10pct	table	117	email_variant_count	bigint	master_material	`master_material.email_variant_count` retained after the deterministic section-hash filter.	42	Distinct email variants found within grouped catalog rows.	Never NULL; zero means no nonmissing value.
sample_material_10pct	table	118	contact_metadata_conflict	boolean	master_material	`master_material.contact_metadata_conflict` retained after the deterministic section-hash filter.	TRUE	Flags conflicting instructor or email values within groups.	Never NULL; false means the named conflict was not detected.
sample_material_10pct	table	119	is_supply_conflict	boolean	master_material	`master_material.is_supply_conflict` retained after the deterministic section-hash filter.	TRUE	Whether grouped rows disagree on supply classification.	Never NULL; false means no detected within-group conflict.
sample_material_10pct	table	120	no_details_conflict	boolean	master_material	`master_material.no_details_conflict` retained after the deterministic section-hash filter.	TRUE	Flags disagreement about the no-details placeholder within groups.	Never NULL; false means no detected within-group conflict.
sample_material_10pct	table	121	no_materials_conflict	boolean	master_material	`master_material.no_materials_conflict` retained after the deterministic section-hash filter.	TRUE	Flags disagreement about no-materials evidence within groups.	Never NULL; false means no detected within-group conflict.
sample_material_10pct	table	122	is_canada_conflict	boolean	master_material	`master_material.is_canada_conflict` retained after the deterministic section-hash filter.	TRUE	Whether grouped rows disagree on Canadian classification.	Never NULL; false means no detected within-group conflict.
sample_material_10pct	table	123	is_null_isbn_audit	boolean	master_material	`master_material.is_null_isbn_audit` retained after the deterministic section-hash filter.	TRUE	Whether the row audits a NULL-ISBN source group.	Never NULL; false means the named evidence is absent.
sample_material_10pct	table	124	has_nonnull_isbn_in_section	boolean	master_material	`master_material.has_nonnull_isbn_in_section` retained after the deterministic section-hash filter.	TRUE	Whether the section contains another non-NULL ISBN.	Never NULL; false means the named evidence is absent.
sample_material_10pct	table	125	is_no_adoption_section	boolean	master_material	`master_material.is_no_adoption_section` retained after the deterministic section-hash filter.	TRUE	Whether the section has no non-NULL adopted ISBN.	Never NULL; false means the named evidence is absent.
sample_material_10pct	table	126	section_course_material_no_use_count	bigint	master_material	`master_material.section_course_material_no_use_count` retained after the deterministic section-hash filter.	42	Excluded canonical items counted for the source section.	Never NULL; false or zero means the named section evidence is absent.
sample_material_10pct	table	127	section_no_details_count	bigint	master_material	`master_material.section_no_details_count` retained after the deterministic section-hash filter.	42	No-details canonical items counted for the source section.	Never NULL; false or zero means the named section evidence is absent.
sample_material_10pct	table	128	section_no_materials_count	bigint	master_material	`master_material.section_no_materials_count` retained after the deterministic section-hash filter.	42	No-materials canonical items counted for the source section.	Never NULL; false or zero means the named section evidence is absent.
sample_material_10pct	table	129	is_section_canada	boolean	master_material	`master_material.is_section_canada` retained after the deterministic section-hash filter.	TRUE	Whether any canonical item marks the source section Canadian.	Never NULL; false or zero means the named section evidence is absent.
sample_material_10pct	table	130	is_section_supply	boolean	master_material	`master_material.is_section_supply` retained after the deterministic section-hash filter.	TRUE	Whether any canonical item marks the source section supply.	Never NULL; false or zero means the named section evidence is absent.
sample_material_10pct	table	131	section_supply_count	bigint	master_material	`master_material.section_supply_count` retained after the deterministic section-hash filter.	42	Supply canonical items counted for the source section.	Never NULL; false or zero means the named section evidence is absent.
